model_id,architecture,corner,ccell_ff,temp_c,vdd,fpitch_m,t_ret_s,dv_read_v,e_read_j,i_leak_a,source,simulator
3D_gaa_AOS,3D_GAA,cold,5.0,-40.0,0.75,6e-08,6.603910794235632e-07,,,3.78563563e-10,scaled_from_leakage,
3D_gaa_AOS,3D_GAA,cold,8.0,-40.0,0.75,6e-08,1.0566257270777009e-06,,,3.78563563e-10,scaled_from_leakage,
3D_gaa_AOS,3D_GAA,cold,10.0,-40.0,0.75,6e-08,1.3207821588471261e-06,,2.283827235e-19,3.78563563e-10,derived_from_golden_bench,
3D_gaa_AOS,3D_GAA,cold,15.0,-40.0,0.75,6e-08,1.981173238270689e-06,,2.283827235e-19,3.78563563e-10,derived_from_golden_bench,
3D_gaa_AOS,3D_GAA,cold,20.0,-40.0,0.75,6e-08,2.6415643176942522e-06,,2.283827235e-19,3.78563563e-10,derived_from_golden_bench,
3D_gaa_AOS,3D_GAA,cold,25.0,-40.0,0.75,6e-08,3.3019553971178157e-06,,,3.78563563e-10,scaled_from_leakage,
3D_gaa_AOS,3D_GAA,cold,30.0,-40.0,0.75,6e-08,3.962346476541378e-06,,2.283827235e-19,3.78563563e-10,derived_from_golden_bench,
3D_gaa_AOS,3D_GAA,cold,40.0,-40.0,0.75,6e-08,5.283128635388505e-06,,,3.78563563e-10,scaled_from_leakage,
3D_gaa_AOS,3D_GAA,cold,50.0,-40.0,0.75,6e-08,6.603910794235631e-06,,2.283827235e-19,3.78563563e-10,derived_from_golden_bench,
3D_gaa_AOS,3D_GAA,cold,60.0,-40.0,0.75,6e-08,7.924692953082758e-06,,,3.78563563e-10,scaled_from_leakage,
3D_gaa_AOS,3D_GAA,cold,70.0,-40.0,0.75,6e-08,9.245475111929883e-06,,,3.78563563e-10,scaled_from_leakage,
3D_gaa_AOS,3D_GAA,cold,80.0,-40.0,0.75,6e-08,1.056625727077701e-05,,,3.78563563e-10,scaled_from_leakage,
3D_gaa_AOS,3D_GAA,ff,5.0,27.0,0.8250000000000001,6e-08,6.686519460034348e-07,0.009146341463414635,,3.73886596e-10,analytic_read,
3D_gaa_AOS,3D_GAA,ff,8.0,27.0,0.8250000000000001,6e-08,1.0698431136054955e-06,0.014423076923076924,,3.73886596e-10,analytic_read,
3D_gaa_AOS,3D_GAA,ff,10.0,27.0,0.8250000000000001,6e-08,1.3373038920068695e-06,0.01785714285714286,1.215624069e-19,3.73886596e-10,analytic_read,
3D_gaa_AOS,3D_GAA,ff,15.0,27.0,0.8250000000000001,6e-08,2.005955838010304e-06,0.026162790697674423,1.215624069e-19,3.73886596e-10,analytic_read,
3D_gaa_AOS,3D_GAA,ff,20.0,27.0,0.8250000000000001,6e-08,2.674607784013739e-06,0.034090909090909095,1.215624069e-19,3.73886596e-10,analytic_read,
3D_gaa_AOS,3D_GAA,ff,25.0,27.0,0.8250000000000001,6e-08,3.3432597300171737e-06,0.04166666666666667,,3.73886596e-10,analytic_read,
3D_gaa_AOS,3D_GAA,ff,30.0,27.0,0.8250000000000001,6e-08,4.011911676020608e-06,0.04891304347826087,1.215624069e-19,3.73886596e-10,analytic_read,
3D_gaa_AOS,3D_GAA,ff,40.0,27.0,0.8250000000000001,6e-08,5.349215568027479e-06,0.06250000000000001,,3.73886596e-10,analytic_read,
3D_gaa_AOS,3D_GAA,ff,50.0,27.0,0.8250000000000001,6e-08,6.686519460034347e-06,0.07500000000000001,1.215624069e-19,3.73886596e-10,analytic_read,
3D_gaa_AOS,3D_GAA,ff,60.0,27.0,0.8250000000000001,6e-08,8.023823352041218e-06,0.08653846153846155,,3.73886596e-10,analytic_read,
3D_gaa_AOS,3D_GAA,ff,70.0,27.0,0.8250000000000001,6e-08,9.361127244048086e-06,0.09722222222222222,,3.73886596e-10,analytic_read,
3D_gaa_AOS,3D_GAA,ff,80.0,27.0,0.8250000000000001,6e-08,1.0698431136054957e-05,0.10714285714285715,,3.73886596e-10,analytic_read,
3D_gaa_AOS,3D_GAA,hot,5.0,85.0,0.75,6e-08,7.942592491862872e-07,,,3.14758689e-10,scaled_from_leakage,
3D_gaa_AOS,3D_GAA,hot,8.0,85.0,0.75,6e-08,1.2708147986980592e-06,,,3.14758689e-10,scaled_from_leakage,
3D_gaa_AOS,3D_GAA,hot,10.0,85.0,0.75,6e-08,1.588518498372574e-06,,1.012023615e-19,3.14758689e-10,derived_from_golden_bench,
3D_gaa_AOS,3D_GAA,hot,15.0,85.0,0.75,6e-08,2.382777747558861e-06,,1.012023615e-19,3.14758689e-10,derived_from_golden_bench,
3D_gaa_AOS,3D_GAA,hot,20.0,85.0,0.75,6e-08,3.177036996745148e-06,,1.012023615e-19,3.14758689e-10,derived_from_golden_bench,
3D_gaa_AOS,3D_GAA,hot,25.0,85.0,0.75,6e-08,3.971296245931435e-06,,,3.14758689e-10,scaled_from_leakage,
3D_gaa_AOS,3D_GAA,hot,30.0,85.0,0.75,6e-08,4.765555495117722e-06,,1.012023615e-19,3.14758689e-10,derived_from_golden_bench,
3D_gaa_AOS,3D_GAA,hot,40.0,85.0,0.75,6e-08,6.354073993490297e-06,,,3.14758689e-10,scaled_from_leakage,
3D_gaa_AOS,3D_GAA,hot,50.0,85.0,0.75,6e-08,7.94259249186287e-06,,1.012023615e-19,3.14758689e-10,derived_from_golden_bench,
3D_gaa_AOS,3D_GAA,hot,60.0,85.0,0.75,6e-08,9.531110990235444e-06,,,3.14758689e-10,scaled_from_leakage,
3D_gaa_AOS,3D_GAA,hot,70.0,85.0,0.75,6e-08,1.1119629488608019e-05,,,3.14758689e-10,scaled_from_leakage,
3D_gaa_AOS,3D_GAA,hot,80.0,85.0,0.75,6e-08,1.2708147986980595e-05,,,3.14758689e-10,scaled_from_leakage,
3D_gaa_AOS,3D_GAA,ss,5.0,27.0,0.675,6e-08,7.890737949009346e-07,0.009146341463414635,,3.16827148e-10,analytic_read,
3D_gaa_AOS,3D_GAA,ss,8.0,27.0,0.675,6e-08,1.2625180718414953e-06,0.014423076923076924,,3.16827148e-10,analytic_read,
3D_gaa_AOS,3D_GAA,ss,10.0,27.0,0.675,6e-08,1.5781475898018689e-06,0.01785714285714286,1.43866193175e-19,3.16827148e-10,analytic_read,
3D_gaa_AOS,3D_GAA,ss,15.0,27.0,0.675,6e-08,2.367221384702803e-06,0.026162790697674423,1.43866193175e-19,3.16827148e-10,analytic_read,
3D_gaa_AOS,3D_GAA,ss,20.0,27.0,0.675,6e-08,3.1562951796037377e-06,0.034090909090909095,1.43866193175e-19,3.16827148e-10,analytic_read,
3D_gaa_AOS,3D_GAA,ss,25.0,27.0,0.675,6e-08,3.945368974504672e-06,0.04166666666666667,,3.16827148e-10,analytic_read,
3D_gaa_AOS,3D_GAA,ss,30.0,27.0,0.675,6e-08,4.734442769405606e-06,0.04891304347826087,1.43866193175e-19,3.16827148e-10,analytic_read,
3D_gaa_AOS,3D_GAA,ss,40.0,27.0,0.675,6e-08,6.312590359207477e-06,0.06250000000000001,,3.16827148e-10,analytic_read,
3D_gaa_AOS,3D_GAA,ss,50.0,27.0,0.675,6e-08,7.890737949009344e-06,0.07500000000000001,1.43866193175e-19,3.16827148e-10,analytic_read,
3D_gaa_AOS,3D_GAA,ss,60.0,27.0,0.675,6e-08,9.468885538811214e-06,0.08653846153846155,,3.16827148e-10,analytic_read,
3D_gaa_AOS,3D_GAA,ss,70.0,27.0,0.675,6e-08,1.1047033128613083e-05,0.09722222222222222,,3.16827148e-10,analytic_read,
3D_gaa_AOS,3D_GAA,ss,80.0,27.0,0.675,6e-08,1.2625180718414954e-05,0.10714285714285715,,3.16827148e-10,analytic_read,
3D_gaa_AOS,3D_GAA,tt,5.0,27.0,0.75,6e-08,7.235552341401007e-07,0.009146341463414635,,3.45516124e-10,analytic_read,
3D_gaa_AOS,3D_GAA,tt,8.0,27.0,0.75,6e-08,1.157688374624161e-06,0.014423076923076924,,3.45516124e-10,analytic_read,
3D_gaa_AOS,3D_GAA,tt,10.0,27.0,0.75,6e-08,1.447110468280201e-06,0.01785714285714286,1.14685644e-19,3.45516124e-10,analytic_read,
3D_gaa_AOS,3D_GAA,tt,15.0,27.0,0.75,6e-08,2.1706657024203017e-06,0.026162790697674423,1.14685644e-19,3.45516124e-10,analytic_read,
3D_gaa_AOS,3D_GAA,tt,20.0,27.0,0.75,6e-08,2.894220936560402e-06,0.034090909090909095,1.14685644e-19,3.45516124e-10,analytic_read,
3D_gaa_AOS,3D_GAA,tt,25.0,27.0,0.75,6e-08,3.6177761707005027e-06,0.04166666666666667,,3.45516124e-10,analytic_read,
3D_gaa_AOS,3D_GAA,tt,30.0,27.0,0.75,6e-08,4.341331404840603e-06,0.04891304347826087,1.14685644e-19,3.45516124e-10,analytic_read,
3D_gaa_AOS,3D_GAA,tt,40.0,27.0,0.75,6e-08,5.788441873120806e-06,0.06250000000000001,,3.45516124e-10,analytic_read,
3D_gaa_AOS,3D_GAA,tt,50.0,27.0,0.75,6e-08,7.235552341401005e-06,0.07500000000000001,1.14685644e-19,3.45516124e-10,analytic_read,
3D_gaa_AOS,3D_GAA,tt,60.0,27.0,0.75,6e-08,8.682662809681207e-06,0.08653846153846155,,3.45516124e-10,analytic_read,
3D_gaa_AOS,3D_GAA,tt,70.0,27.0,0.75,6e-08,1.0129773277961407e-05,0.09722222222222222,,3.45516124e-10,analytic_read,
3D_gaa_AOS,3D_GAA,tt,80.0,27.0,0.75,6e-08,1.1576883746241611e-05,0.10714285714285715,,3.45516124e-10,analytic_read,
3D_gaa_Si,3D_GAA,cold,5.0,-40.0,0.75,2.2e-08,1.4534338852227219e-05,,,1.72006448e-11,scaled_from_leakage,
3D_gaa_Si,3D_GAA,cold,8.0,-40.0,0.75,2.2e-08,2.3254942163563544e-05,,,1.72006448e-11,scaled_from_leakage,
3D_gaa_Si,3D_GAA,cold,10.0,-40.0,0.75,2.2e-08,2.906867770445443e-05,,7.672570875e-19,1.72006448e-11,derived_from_golden_bench,
3D_gaa_Si,3D_GAA,cold,15.0,-40.0,0.75,2.2e-08,4.360301655668165e-05,,7.672570875e-19,1.72006448e-11,derived_from_golden_bench,
3D_gaa_Si,3D_GAA,cold,20.0,-40.0,0.75,2.2e-08,5.813735540890886e-05,,7.672570875e-19,1.72006448e-11,derived_from_golden_bench,
3D_gaa_Si,3D_GAA,cold,25.0,-40.0,0.75,2.2e-08,7.267169426113608e-05,,,1.72006448e-11,scaled_from_leakage,
3D_gaa_Si,3D_GAA,cold,30.0,-40.0,0.75,2.2e-08,8.72060331133633e-05,,7.672570875e-19,1.72006448e-11,derived_from_golden_bench,
3D_gaa_Si,3D_GAA,cold,40.0,-40.0,0.75,2.2e-08,0.00011627471081781775,,,1.72006448e-11,scaled_from_leakage,
3D_gaa_Si,3D_GAA,cold,50.0,-40.0,0.75,2.2e-08,0.00014534338852227217,,7.672570875e-19,1.72006448e-11,derived_from_golden_bench,
3D_gaa_Si,3D_GAA,cold,60.0,-40.0,0.75,2.2e-08,0.00017441206622672661,,,1.72006448e-11,scaled_from_leakage,
3D_gaa_Si,3D_GAA,cold,70.0,-40.0,0.75,2.2e-08,0.00020348074393118103,,,1.72006448e-11,scaled_from_leakage,
3D_gaa_Si,3D_GAA,cold,80.0,-40.0,0.75,2.2e-08,0.0002325494216356355,,,1.72006448e-11,scaled_from_leakage,
3D_gaa_Si,3D_GAA,ff,5.0,27.0,0.8250000000000001,2.2e-08,1.3842824199704116e-05,0.023936170212765954,,1.80598985e-11,analytic_read,
3D_gaa_Si,3D_GAA,ff,8.0,27.0,0.8250000000000001,2.2e-08,2.2148518719526583e-05,0.03688524590163934,,1.80598985e-11,analytic_read,
3D_gaa_Si,3D_GAA,ff,10.0,27.0,0.8250000000000001,2.2e-08,2.7685648399408228e-05,0.045,1.5977340637500002e-19,1.80598985e-11,analytic_read,
3D_gaa_Si,3D_GAA,ff,15.0,27.0,0.8250000000000001,2.2e-08,4.1528472599112344e-05,0.06367924528301887,1.5977340637500002e-19,1.80598985e-11,analytic_read,
3D_gaa_Si,3D_GAA,ff,20.0,27.0,0.8250000000000001,2.2e-08,5.5371296798816456e-05,0.08035714285714285,1.5977340637500002e-19,1.80598985e-11,analytic_read,
3D_gaa_Si,3D_GAA,ff,25.0,27.0,0.8250000000000001,2.2e-08,6.921412099852057e-05,0.09533898305084744,,1.80598985e-11,analytic_read,
3D_gaa_Si,3D_GAA,ff,30.0,27.0,0.8250000000000001,2.2e-08,8.305694519822469e-05,0.10887096774193547,1.5977340637500002e-19,1.80598985e-11,analytic_read,
3D_gaa_Si,3D_GAA,ff,40.0,27.0,0.8250000000000001,2.2e-08,0.00011074259359763293,0.1323529411764706,,1.80598985e-11,analytic_read,
3D_gaa_Si,3D_GAA,ff,50.0,27.0,0.8250000000000001,2.2e-08,0.00013842824199704115,0.15202702702702703,1.5977340637500002e-19,1.80598985e-11,analytic_read,
3D_gaa_Si,3D_GAA,ff,60.0,27.0,0.8250000000000001,2.2e-08,0.00016611389039644937,0.16875,,1.80598985e-11,analytic_read,
3D_gaa_Si,3D_GAA,ff,70.0,27.0,0.8250000000000001,2.2e-08,0.0001937995387958576,0.18313953488372092,,1.80598985e-11,analytic_read,
3D_gaa_Si,3D_GAA,ff,80.0,27.0,0.8250000000000001,2.2e-08,0.00022148518719526585,0.1956521739130435,,1.80598985e-11,analytic_read,
3D_gaa_Si,3D_GAA,hot,5.0,85.0,0.75,2.2e-08,1.5498187245229955e-05,,,1.61309188e-11,scaled_from_leakage,
3D_gaa_Si,3D_GAA,hot,8.0,85.0,0.75,2.2e-08,2.4797099592367922e-05,,,1.61309188e-11,scaled_from_leakage,
3D_gaa_Si,3D_GAA,hot,10.0,85.0,0.75,2.2e-08,3.09963744904599e-05,,1.371829455e-19,1.61309188e-11,derived_from_golden_bench,
3D_gaa_Si,3D_GAA,hot,15.0,85.0,0.75,2.2e-08,4.649456173568985e-05,,1.371829455e-19,1.61309188e-11,derived_from_golden_bench,
3D_gaa_Si,3D_GAA,hot,20.0,85.0,0.75,2.2e-08,6.19927489809198e-05,,1.371829455e-19,1.61309188e-11,derived_from_golden_bench,
3D_gaa_Si,3D_GAA,hot,25.0,85.0,0.75,2.2e-08,7.749093622614975e-05,,,1.61309188e-11,scaled_from_leakage,
3D_gaa_Si,3D_GAA,hot,30.0,85.0,0.75,2.2e-08,9.29891234713797e-05,,1.371829455e-19,1.61309188e-11,derived_from_golden_bench,
3D_gaa_Si,3D_GAA,hot,40.0,85.0,0.75,2.2e-08,0.00012398549796183964,,,1.61309188e-11,scaled_from_leakage,
3D_gaa_Si,3D_GAA,hot,50.0,85.0,0.75,2.2e-08,0.0001549818724522,,1.371829455e-19,1.61309188e-11,derived_from_golden_bench,
3D_gaa_Si,3D_GAA,hot,60.0,85.0,0.75,2.2e-08,0.00018597824694275943,,,1.61309188e-11,scaled_from_leakage,
3D_gaa_Si,3D_GAA,hot,70.0,85.0,0.75,2.2e-08,0.00021697462143321932,,,1.61309188e-11,scaled_from_leakage,
3D_gaa_Si,3D_GAA,hot,80.0,85.0,0.75,2.2e-08,0.00024797099592367927,,,1.61309188e-11,scaled_from_leakage,
3D_gaa_Si,3D_GAA,ss,5.0,27.0,0.675,2.2e-08,1.6350056648695277e-05,0.023936170212765954,,1.52904669e-11,analytic_read,
3D_gaa_Si,3D_GAA,ss,8.0,27.0,0.675,2.2e-08,2.616009063791244e-05,0.03688524590163934,,1.52904669e-11,analytic_read,
3D_gaa_Si,3D_GAA,ss,10.0,27.0,0.675,2.2e-08,3.270011329739055e-05,0.045,5.61747579975e-19,1.52904669e-11,analytic_read,
3D_gaa_Si,3D_GAA,ss,15.0,27.0,0.675,2.2e-08,4.905016994608582e-05,0.06367924528301887,5.61747579975e-19,1.52904669e-11,analytic_read,
3D_gaa_Si,3D_GAA,ss,20.0,27.0,0.675,2.2e-08,6.54002265947811e-05,0.08035714285714285,5.61747579975e-19,1.52904669e-11,analytic_read,
3D_gaa_Si,3D_GAA,ss,25.0,27.0,0.675,2.2e-08,8.175028324347637e-05,0.09533898305084744,,1.52904669e-11,analytic_read,
3D_gaa_Si,3D_GAA,ss,30.0,27.0,0.675,2.2e-08,9.810033989217164e-05,0.10887096774193547,5.61747579975e-19,1.52904669e-11,analytic_read,
3D_gaa_Si,3D_GAA,ss,40.0,27.0,0.675,2.2e-08,0.00013080045318956222,0.1323529411764706,,1.52904669e-11,analytic_read,
3D_gaa_Si,3D_GAA,ss,50.0,27.0,0.675,2.2e-08,0.00016350056648695274,0.15202702702702703,5.61747579975e-19,1.52904669e-11,analytic_read,
3D_gaa_Si,3D_GAA,ss,60.0,27.0,0.675,2.2e-08,0.00019620067978434332,0.16875,,1.52904669e-11,analytic_read,
3D_gaa_Si,3D_GAA,ss,70.0,27.0,0.675,2.2e-08,0.00022890079308173384,0.18313953488372092,,1.52904669e-11,analytic_read,
3D_gaa_Si,3D_GAA,ss,80.0,27.0,0.675,2.2e-08,0.00026160090637912444,0.1956521739130435,,1.52904669e-11,analytic_read,
3D_gaa_Si,3D_GAA,tt,5.0,27.0,0.75,2.2e-08,1.4949112682261529e-05,0.023936170212765954,,1.67234006e-11,analytic_read,
3D_gaa_Si,3D_GAA,tt,8.0,27.0,0.75,2.2e-08,2.391858029161844e-05,0.03688524590163934,,1.67234006e-11,analytic_read,
3D_gaa_Si,3D_GAA,tt,10.0,27.0,0.75,2.2e-08,2.989822536452305e-05,0.045,2.6892277275000003e-19,1.67234006e-11,analytic_read,
3D_gaa_Si,3D_GAA,tt,15.0,27.0,0.75,2.2e-08,4.484733804678458e-05,0.06367924528301887,2.6892277275000003e-19,1.67234006e-11,analytic_read,
3D_gaa_Si,3D_GAA,tt,20.0,27.0,0.75,2.2e-08,5.979645072904611e-05,0.08035714285714285,2.6892277275000003e-19,1.67234006e-11,analytic_read,
3D_gaa_Si,3D_GAA,tt,25.0,27.0,0.75,2.2e-08,7.474556341130764e-05,0.09533898305084744,,1.67234006e-11,analytic_read,
3D_gaa_Si,3D_GAA,tt,30.0,27.0,0.75,2.2e-08,8.969467609356916e-05,0.10887096774193547,2.6892277275000003e-19,1.67234006e-11,analytic_read,
3D_gaa_Si,3D_GAA,tt,40.0,27.0,0.75,2.2e-08,0.00011959290145809223,0.1323529411764706,,1.67234006e-11,analytic_read,
3D_gaa_Si,3D_GAA,tt,50.0,27.0,0.75,2.2e-08,0.0001494911268226,0.15202702702702703,2.6892277275000003e-19,1.67234006e-11,analytic_read,
3D_gaa_Si,3D_GAA,tt,60.0,27.0,0.75,2.2e-08,0.00017938935218713835,0.16875,,1.67234006e-11,analytic_read,
3D_gaa_Si,3D_GAA,tt,70.0,27.0,0.75,2.2e-08,0.0002092875775516614,0.18313953488372092,,1.67234006e-11,analytic_read,
3D_gaa_Si,3D_GAA,tt,80.0,27.0,0.75,2.2e-08,0.00023918580291618446,0.1956521739130435,,1.67234006e-11,analytic_read,
BCAT_125,BCAT,cold,5.0,-40.0,0.85,4.2e-08,0.002881309356960858,,,8.67661084e-14,scaled_from_leakage,
BCAT_125,BCAT,cold,8.0,-40.0,0.85,4.2e-08,0.004610094971137371,,,8.67661084e-14,scaled_from_leakage,
BCAT_125,BCAT,cold,10.0,-40.0,0.85,4.2e-08,0.005762618713921714,,2.560474805e-19,8.67661084e-14,derived_from_golden_bench,
BCAT_125,BCAT,cold,15.0,-40.0,0.85,4.2e-08,0.008643928070882571,,2.560474805e-19,8.67661084e-14,derived_from_golden_bench,
BCAT_125,BCAT,cold,20.0,-40.0,0.85,4.2e-08,0.011525237427843428,,2.560474805e-19,8.67661084e-14,derived_from_golden_bench,
BCAT_125,BCAT,cold,25.0,-40.0,0.85,4.2e-08,0.014406546784804287,,,8.67661084e-14,scaled_from_leakage,
BCAT_125,BCAT,cold,30.0,-40.0,0.85,4.2e-08,0.017287856141765142,,2.560474805e-19,8.67661084e-14,derived_from_golden_bench,
BCAT_125,BCAT,cold,40.0,-40.0,0.85,4.2e-08,0.023050474855686863,,,8.67661084e-14,scaled_from_leakage,
BCAT_125,BCAT,cold,50.0,-40.0,0.85,4.2e-08,0.028813093569608574,,2.560474805e-19,8.67661084e-14,derived_from_golden_bench,
BCAT_125,BCAT,cold,60.0,-40.0,0.85,4.2e-08,0.03457571228353029,,,8.67661084e-14,scaled_from_leakage,
BCAT_125,BCAT,cold,70.0,-40.0,0.85,4.2e-08,0.040338330997452,,,8.67661084e-14,scaled_from_leakage,
BCAT_125,BCAT,cold,80.0,-40.0,0.85,4.2e-08,0.046100949711373726,,,8.67661084e-14,scaled_from_leakage,
BCAT_125,BCAT,ff,5.0,27.0,0.935,4.2e-08,0.0027690119934271856,0.014655172413793105,,9.02849105e-14,analytic_read,
BCAT_125,BCAT,ff,8.0,27.0,0.935,4.2e-08,0.004430419189483496,0.022972972972972974,,9.02849105e-14,analytic_read,
BCAT_125,BCAT,ff,10.0,27.0,0.935,4.2e-08,0.00553802398685437,0.028333333333333335,9.907947225e-20,9.02849105e-14,analytic_read,
BCAT_125,BCAT,ff,15.0,27.0,0.935,4.2e-08,0.008307035980281556,0.04112903225806451,9.907947225e-20,9.02849105e-14,analytic_read,
BCAT_125,BCAT,ff,20.0,27.0,0.935,4.2e-08,0.01107604797370874,0.053125,9.907947225e-20,9.02849105e-14,analytic_read,
BCAT_125,BCAT,ff,25.0,27.0,0.935,4.2e-08,0.013845059967135927,0.06439393939393939,,9.02849105e-14,analytic_read,
BCAT_125,BCAT,ff,30.0,27.0,0.935,4.2e-08,0.016614071960563113,0.075,9.907947225e-20,9.02849105e-14,analytic_read,
BCAT_125,BCAT,ff,40.0,27.0,0.935,4.2e-08,0.022152095947417485,0.09444444444444446,,9.02849105e-14,analytic_read,
BCAT_125,BCAT,ff,50.0,27.0,0.935,4.2e-08,0.027690119934271853,0.1118421052631579,9.907947225e-20,9.02849105e-14,analytic_read,
BCAT_125,BCAT,ff,60.0,27.0,0.935,4.2e-08,0.033228143921126226,0.1275,,9.02849105e-14,analytic_read,
BCAT_125,BCAT,ff,70.0,27.0,0.935,4.2e-08,0.0387661679079806,0.14166666666666666,,9.02849105e-14,analytic_read,
BCAT_125,BCAT,ff,80.0,27.0,0.935,4.2e-08,0.04430419189483497,0.15454545454545457,,9.02849105e-14,analytic_read,
BCAT_125,BCAT,hot,5.0,85.0,0.85,4.2e-08,0.0031062791119934787,,,8.04821431e-14,scaled_from_leakage,
BCAT_125,BCAT,hot,8.0,85.0,0.85,4.2e-08,0.004970046579189565,,,8.04821431e-14,scaled_from_leakage,
BCAT_125,BCAT,hot,10.0,85.0,0.85,4.2e-08,0.0062125582239869,,7.993011124999999e-20,8.04821431e-14,derived_from_golden_bench,
BCAT_125,BCAT,hot,15.0,85.0,0.85,4.2e-08,0.0093188373359804,,7.993011124999999e-20,8.04821431e-14,derived_from_golden_bench,
BCAT_125,BCAT,hot,20.0,85.0,0.85,4.2e-08,0.0124251164479739,,7.993011124999999e-20,8.04821431e-14,derived_from_golden_bench,
BCAT_125,BCAT,hot,25.0,85.0,0.85,4.2e-08,0.015531395559967392,,,8.04821431e-14,scaled_from_leakage,
BCAT_125,BCAT,hot,30.0,85.0,0.85,4.2e-08,0.0186376746719608,,7.993011124999999e-20,8.04821431e-14,derived_from_golden_bench,
BCAT_125,BCAT,hot,40.0,85.0,0.85,4.2e-08,0.02485023289594783,,,8.04821431e-14,scaled_from_leakage,
BCAT_125,BCAT,hot,50.0,85.0,0.85,4.2e-08,0.0310627911199347,,7.993011124999999e-20,8.04821431e-14,derived_from_golden_bench,
BCAT_125,BCAT,hot,60.0,85.0,0.85,4.2e-08,0.037275349343921745,,,8.04821431e-14,scaled_from_leakage,
BCAT_125,BCAT,hot,70.0,85.0,0.85,4.2e-08,0.0434879075679087,,,8.04821431e-14,scaled_from_leakage,
BCAT_125,BCAT,hot,80.0,85.0,0.85,4.2e-08,0.04970046579189566,,,8.04821431e-14,scaled_from_leakage,
BCAT_125,BCAT,ss,5.0,27.0,0.765,4.2e-08,0.0033922391592652768,0.014655172413793105,,7.3697634e-14,analytic_read,
BCAT_125,BCAT,ss,8.0,27.0,0.765,4.2e-08,0.0054275826548244414,0.022972972972972974,,7.3697634e-14,analytic_read,
BCAT_125,BCAT,ss,10.0,27.0,0.765,4.2e-08,0.006784478318530552,0.028333333333333335,2.0208787510499998e-19,7.3697634e-14,analytic_read,
BCAT_125,BCAT,ss,15.0,27.0,0.765,4.2e-08,0.010176717477795827,0.04112903225806451,2.0208787510499998e-19,7.3697634e-14,analytic_read,
BCAT_125,BCAT,ss,20.0,27.0,0.765,4.2e-08,0.013568956637061104,0.053125,2.0208787510499998e-19,7.3697634e-14,analytic_read,
BCAT_125,BCAT,ss,25.0,27.0,0.765,4.2e-08,0.01696119579632638,0.06439393939393939,,7.3697634e-14,analytic_read,
BCAT_125,BCAT,ss,30.0,27.0,0.765,4.2e-08,0.020353434955591655,0.075,2.0208787510499998e-19,7.3697634e-14,analytic_read,
BCAT_125,BCAT,ss,40.0,27.0,0.765,4.2e-08,0.027137913274122214,0.09444444444444446,,7.3697634e-14,analytic_read,
BCAT_125,BCAT,ss,50.0,27.0,0.765,4.2e-08,0.03392239159265276,0.1118421052631579,2.0208787510499998e-19,7.3697634e-14,analytic_read,
BCAT_125,BCAT,ss,60.0,27.0,0.765,4.2e-08,0.040706869911183316,0.1275,,7.3697634e-14,analytic_read,
BCAT_125,BCAT,ss,70.0,27.0,0.765,4.2e-08,0.04749134822971387,0.14166666666666666,,7.3697634e-14,analytic_read,
BCAT_125,BCAT,ss,80.0,27.0,0.765,4.2e-08,0.05427582654824443,0.15454545454545457,,7.3697634e-14,analytic_read,
BCAT_125,BCAT,tt,5.0,27.0,0.85,4.2e-08,0.002981729574877199,0.014655172413793105,,8.38439549e-14,analytic_read,
BCAT_125,BCAT,tt,8.0,27.0,0.85,4.2e-08,0.004770767319803517,0.022972972972972974,,8.38439549e-14,analytic_read,
BCAT_125,BCAT,tt,10.0,27.0,0.85,4.2e-08,0.0059634591497543,0.028333333333333335,1.2052637135000001e-19,8.38439549e-14,analytic_read,
BCAT_125,BCAT,tt,15.0,27.0,0.85,4.2e-08,0.0089451887246315,0.04112903225806451,1.2052637135000001e-19,8.38439549e-14,analytic_read,
BCAT_125,BCAT,tt,20.0,27.0,0.85,4.2e-08,0.0119269182995087,0.053125,1.2052637135000001e-19,8.38439549e-14,analytic_read,
BCAT_125,BCAT,tt,25.0,27.0,0.85,4.2e-08,0.014908647874385995,0.06439393939393939,,8.38439549e-14,analytic_read,
BCAT_125,BCAT,tt,30.0,27.0,0.85,4.2e-08,0.0178903774492631,0.075,1.2052637135000001e-19,8.38439549e-14,analytic_read,
BCAT_125,BCAT,tt,40.0,27.0,0.85,4.2e-08,0.023853836599017592,0.09444444444444446,,8.38439549e-14,analytic_read,
BCAT_125,BCAT,tt,50.0,27.0,0.85,4.2e-08,0.0298172957487719,0.1118421052631579,1.2052637135000001e-19,8.38439549e-14,analytic_read,
BCAT_125,BCAT,tt,60.0,27.0,0.85,4.2e-08,0.03578075489852639,0.1275,,8.38439549e-14,analytic_read,
BCAT_125,BCAT,tt,70.0,27.0,0.85,4.2e-08,0.041744214048280784,0.14166666666666666,,8.38439549e-14,analytic_read,
BCAT_125,BCAT,tt,80.0,27.0,0.85,4.2e-08,0.047707673198035185,0.15454545454545457,,8.38439549e-14,analytic_read,
VCT_082,VCT,cold,5.0,-40.0,0.9,6e-08,4.00611555653463e-06,,,6.24045903e-11,scaled_from_leakage,
VCT_082,VCT,cold,8.0,-40.0,0.9,6e-08,6.4097848904554065e-06,,,6.24045903e-11,scaled_from_leakage,
VCT_082,VCT,cold,10.0,-40.0,0.9,6e-08,8.012231113069258e-06,,3.999515499e-18,6.24045903e-11,derived_from_golden_bench,
VCT_082,VCT,cold,15.0,-40.0,0.9,6e-08,1.2018346669603887e-05,,3.999515499e-18,6.24045903e-11,derived_from_golden_bench,
VCT_082,VCT,cold,20.0,-40.0,0.9,6e-08,1.6024462226138517e-05,,3.999515499e-18,6.24045903e-11,derived_from_golden_bench,
VCT_082,VCT,cold,25.0,-40.0,0.9,6e-08,2.0030577782673146e-05,,,6.24045903e-11,scaled_from_leakage,
VCT_082,VCT,cold,30.0,-40.0,0.9,6e-08,2.4036693339207775e-05,,3.999515499e-18,6.24045903e-11,derived_from_golden_bench,
VCT_082,VCT,cold,40.0,-40.0,0.9,6e-08,3.204892445227704e-05,,,6.24045903e-11,scaled_from_leakage,
VCT_082,VCT,cold,50.0,-40.0,0.9,6e-08,4.006115556534629e-05,,3.999515499e-18,6.24045903e-11,derived_from_golden_bench,
VCT_082,VCT,cold,60.0,-40.0,0.9,6e-08,4.8073386678415557e-05,,,6.24045903e-11,scaled_from_leakage,
VCT_082,VCT,cold,70.0,-40.0,0.9,6e-08,5.608561779148481e-05,,,6.24045903e-11,scaled_from_leakage,
VCT_082,VCT,cold,80.0,-40.0,0.9,6e-08,6.409784890455408e-05,,,6.24045903e-11,scaled_from_leakage,
VCT_082,VCT,ff,5.0,27.0,0.99,6e-08,3.8490054143836e-06,0.010975609756097562,,6.49518442e-11,analytic_read,
VCT_082,VCT,ff,8.0,27.0,0.99,6e-08,6.15840866301376e-06,0.01730769230769231,,6.49518442e-11,analytic_read,
VCT_082,VCT,ff,10.0,27.0,0.99,6e-08,7.698010828767199e-06,0.02142857142857143,1.3497185690999999e-18,6.49518442e-11,analytic_read,
VCT_082,VCT,ff,15.0,27.0,0.99,6e-08,1.15470162431508e-05,0.031395348837209305,1.3497185690999999e-18,6.49518442e-11,analytic_read,
VCT_082,VCT,ff,20.0,27.0,0.99,6e-08,1.5396021657534398e-05,0.04090909090909091,1.3497185690999999e-18,6.49518442e-11,analytic_read,
VCT_082,VCT,ff,25.0,27.0,0.99,6e-08,1.9245027071918e-05,0.05,,6.49518442e-11,analytic_read,
VCT_082,VCT,ff,30.0,27.0,0.99,6e-08,2.30940324863016e-05,0.058695652173913045,1.3497185690999999e-18,6.49518442e-11,analytic_read,
VCT_082,VCT,ff,40.0,27.0,0.99,6e-08,3.07920433150688e-05,0.07500000000000001,,6.49518442e-11,analytic_read,
VCT_082,VCT,ff,50.0,27.0,0.99,6e-08,3.8490054143836e-05,0.09000000000000001,1.3497185690999999e-18,6.49518442e-11,analytic_read,
VCT_082,VCT,ff,60.0,27.0,0.99,6e-08,4.6188064972603204e-05,0.10384615384615387,,6.49518442e-11,analytic_read,
VCT_082,VCT,ff,70.0,27.0,0.99,6e-08,5.38860758013704e-05,0.11666666666666668,,6.49518442e-11,analytic_read,
VCT_082,VCT,ff,80.0,27.0,0.99,6e-08,6.15840866301376e-05,0.1285714285714286,,6.49518442e-11,analytic_read,
VCT_082,VCT,hot,5.0,85.0,0.9,6e-08,4.429392157225054e-06,,,5.64411529e-11,scaled_from_leakage,
VCT_082,VCT,hot,8.0,85.0,0.9,6e-08,7.087027451560084e-06,,,5.64411529e-11,scaled_from_leakage,
VCT_082,VCT,hot,10.0,85.0,0.9,6e-08,8.858784314450104e-06,,6.1197918210000015e-19,5.64411529e-11,derived_from_golden_bench,
VCT_082,VCT,hot,15.0,85.0,0.9,6e-08,1.3288176471675156e-05,,6.1197918210000015e-19,5.64411529e-11,derived_from_golden_bench,
VCT_082,VCT,hot,20.0,85.0,0.9,6e-08,1.771756862890021e-05,,6.1197918210000015e-19,5.64411529e-11,derived_from_golden_bench,
VCT_082,VCT,hot,25.0,85.0,0.9,6e-08,2.2146960786125265e-05,,,5.64411529e-11,scaled_from_leakage,
VCT_082,VCT,hot,30.0,85.0,0.9,6e-08,2.6576352943350314e-05,,6.1197918210000015e-19,5.64411529e-11,derived_from_golden_bench,
VCT_082,VCT,hot,40.0,85.0,0.9,6e-08,3.543513725780043e-05,,,5.64411529e-11,scaled_from_leakage,
VCT_082,VCT,hot,50.0,85.0,0.9,6e-08,4.429392157225053e-05,,6.1197918210000015e-19,5.64411529e-11,derived_from_golden_bench,
VCT_082,VCT,hot,60.0,85.0,0.9,6e-08,5.3152705886700636e-05,,,5.64411529e-11,scaled_from_leakage,
VCT_082,VCT,hot,70.0,85.0,0.9,6e-08,6.201149020115073e-05,,,5.64411529e-11,scaled_from_leakage,
VCT_082,VCT,hot,80.0,85.0,0.9,6e-08,7.087027451560086e-05,,,5.64411529e-11,scaled_from_leakage,
VCT_082,VCT,ss,5.0,27.0,0.81,6e-08,4.539327105874055e-06,0.010975609756097562,,5.50742421e-11,analytic_read,
VCT_082,VCT,ss,8.0,27.0,0.81,6e-08,7.262923369398487e-06,0.01730769230769231,,5.50742421e-11,analytic_read,
VCT_082,VCT,ss,10.0,27.0,0.81,6e-08,9.078654211748109e-06,0.02142857142857143,2.2763997972000002e-18,5.50742421e-11,analytic_read,
VCT_082,VCT,ss,15.0,27.0,0.81,6e-08,1.3617981317622163e-05,0.031395348837209305,2.2763997972000002e-18,5.50742421e-11,analytic_read,
VCT_082,VCT,ss,20.0,27.0,0.81,6e-08,1.8157308423496218e-05,0.04090909090909091,2.2763997972000002e-18,5.50742421e-11,analytic_read,
VCT_082,VCT,ss,25.0,27.0,0.81,6e-08,2.2696635529370274e-05,0.05,,5.50742421e-11,analytic_read,
VCT_082,VCT,ss,30.0,27.0,0.81,6e-08,2.7235962635244327e-05,0.058695652173913045,2.2763997972000002e-18,5.50742421e-11,analytic_read,
VCT_082,VCT,ss,40.0,27.0,0.81,6e-08,3.631461684699244e-05,0.07500000000000001,,5.50742421e-11,analytic_read,
VCT_082,VCT,ss,50.0,27.0,0.81,6e-08,4.539327105874055e-05,0.09000000000000001,2.2763997972000002e-18,5.50742421e-11,analytic_read,
VCT_082,VCT,ss,60.0,27.0,0.81,6e-08,5.4471925270488667e-05,0.10384615384615387,,5.50742421e-11,analytic_read,
VCT_082,VCT,ss,70.0,27.0,0.81,6e-08,6.355057948223677e-05,0.11666666666666668,,5.50742421e-11,analytic_read,
VCT_082,VCT,ss,80.0,27.0,0.81,6e-08,7.262923369398488e-05,0.1285714285714286,,5.50742421e-11,analytic_read,
VCT_082,VCT,tt,5.0,27.0,0.9,6e-08,4.1521506924837355e-06,0.010975609756097562,,6.02097608e-11,analytic_read,
VCT_082,VCT,tt,8.0,27.0,0.9,6e-08,6.643441107973976e-06,0.01730769230769231,,6.02097608e-11,analytic_read,
VCT_082,VCT,tt,10.0,27.0,0.9,6e-08,8.30430138496747e-06,0.02142857142857143,1.923805341e-18,6.02097608e-11,analytic_read,
VCT_082,VCT,tt,15.0,27.0,0.9,6e-08,1.2456452077451204e-05,0.031395348837209305,1.923805341e-18,6.02097608e-11,analytic_read,
VCT_082,VCT,tt,20.0,27.0,0.9,6e-08,1.660860276993494e-05,0.04090909090909091,1.923805341e-18,6.02097608e-11,analytic_read,
VCT_082,VCT,tt,25.0,27.0,0.9,6e-08,2.0760753462418675e-05,0.05,,6.02097608e-11,analytic_read,
VCT_082,VCT,tt,30.0,27.0,0.9,6e-08,2.4912904154902408e-05,0.058695652173913045,1.923805341e-18,6.02097608e-11,analytic_read,
VCT_082,VCT,tt,40.0,27.0,0.9,6e-08,3.3217205539869884e-05,0.07500000000000001,,6.02097608e-11,analytic_read,
VCT_082,VCT,tt,50.0,27.0,0.9,6e-08,4.152150692483735e-05,0.09000000000000001,1.923805341e-18,6.02097608e-11,analytic_read,
VCT_082,VCT,tt,60.0,27.0,0.9,6e-08,4.982580830980482e-05,0.10384615384615387,,6.02097608e-11,analytic_read,
VCT_082,VCT,tt,70.0,27.0,0.9,6e-08,5.813010969477229e-05,0.11666666666666668,,6.02097608e-11,analytic_read,
VCT_082,VCT,tt,80.0,27.0,0.9,6e-08,6.643441107973977e-05,0.1285714285714286,,6.02097608e-11,analytic_read,
VCT_091,VCT,cold,5.0,-40.0,0.9,6e-08,4.0068881099238416e-06,,,6.23925583e-11,scaled_from_leakage,
VCT_091,VCT,cold,8.0,-40.0,0.9,6e-08,6.411020975878145e-06,,,6.23925583e-11,scaled_from_leakage,
VCT_091,VCT,cold,10.0,-40.0,0.9,6e-08,8.013776219847681e-06,,3.9788496720000005e-18,6.23925583e-11,derived_from_golden_bench,
VCT_091,VCT,cold,15.0,-40.0,0.9,6e-08,1.2020664329771522e-05,,3.9788496720000005e-18,6.23925583e-11,derived_from_golden_bench,
VCT_091,VCT,cold,20.0,-40.0,0.9,6e-08,1.6027552439695363e-05,,3.9788496720000005e-18,6.23925583e-11,derived_from_golden_bench,
VCT_091,VCT,cold,25.0,-40.0,0.9,6e-08,2.0034440549619204e-05,,,6.23925583e-11,scaled_from_leakage,
VCT_091,VCT,cold,30.0,-40.0,0.9,6e-08,2.4041328659543044e-05,,3.9788496720000005e-18,6.23925583e-11,derived_from_golden_bench,
VCT_091,VCT,cold,40.0,-40.0,0.9,6e-08,3.205510487939073e-05,,,6.23925583e-11,scaled_from_leakage,
VCT_091,VCT,cold,50.0,-40.0,0.9,6e-08,4.006888109923841e-05,,3.9788496720000005e-18,6.23925583e-11,derived_from_golden_bench,
VCT_091,VCT,cold,60.0,-40.0,0.9,6e-08,4.8082657319086095e-05,,,6.23925583e-11,scaled_from_leakage,
VCT_091,VCT,cold,70.0,-40.0,0.9,6e-08,5.609643353893377e-05,,,6.23925583e-11,scaled_from_leakage,
VCT_091,VCT,cold,80.0,-40.0,0.9,6e-08,6.411020975878146e-05,,,6.23925583e-11,scaled_from_leakage,
VCT_091,VCT,ff,5.0,27.0,0.99,6e-08,3.8528159517479256e-06,0.010975609756097562,,6.48876051e-11,analytic_read,
VCT_091,VCT,ff,8.0,27.0,0.99,6e-08,6.164505522796681e-06,0.01730769230769231,,6.48876051e-11,analytic_read,
VCT_091,VCT,ff,10.0,27.0,0.99,6e-08,7.705631903495851e-06,0.02142857142857143,1.3114898180999999e-18,6.48876051e-11,analytic_read,
VCT_091,VCT,ff,15.0,27.0,0.99,6e-08,1.1558447855243776e-05,0.031395348837209305,1.3114898180999999e-18,6.48876051e-11,analytic_read,
VCT_091,VCT,ff,20.0,27.0,0.99,6e-08,1.5411263806991702e-05,0.04090909090909091,1.3114898180999999e-18,6.48876051e-11,analytic_read,
VCT_091,VCT,ff,25.0,27.0,0.99,6e-08,1.926407975873963e-05,0.05,,6.48876051e-11,analytic_read,
VCT_091,VCT,ff,30.0,27.0,0.99,6e-08,2.3116895710487552e-05,0.058695652173913045,1.3114898180999999e-18,6.48876051e-11,analytic_read,
VCT_091,VCT,ff,40.0,27.0,0.99,6e-08,3.0822527613983405e-05,0.07500000000000001,,6.48876051e-11,analytic_read,
VCT_091,VCT,ff,50.0,27.0,0.99,6e-08,3.852815951747926e-05,0.09000000000000001,1.3114898180999999e-18,6.48876051e-11,analytic_read,
VCT_091,VCT,ff,60.0,27.0,0.99,6e-08,4.623379142097511e-05,0.10384615384615387,,6.48876051e-11,analytic_read,
VCT_091,VCT,ff,70.0,27.0,0.99,6e-08,5.3939423324470956e-05,0.11666666666666668,,6.48876051e-11,analytic_read,
VCT_091,VCT,ff,80.0,27.0,0.99,6e-08,6.164505522796681e-05,0.1285714285714286,,6.48876051e-11,analytic_read,
VCT_091,VCT,hot,5.0,85.0,0.9,6e-08,4.434001122398215e-06,,,5.63824846e-11,scaled_from_leakage,
VCT_091,VCT,hot,8.0,85.0,0.9,6e-08,7.094401795837142e-06,,,5.63824846e-11,scaled_from_leakage,
VCT_091,VCT,hot,10.0,85.0,0.9,6e-08,8.868002244796428e-06,,5.881774176e-19,5.63824846e-11,derived_from_golden_bench,
VCT_091,VCT,hot,15.0,85.0,0.9,6e-08,1.330200336719464e-05,,5.881774176e-19,5.63824846e-11,derived_from_golden_bench,
VCT_091,VCT,hot,20.0,85.0,0.9,6e-08,1.7736004489592855e-05,,5.881774176e-19,5.63824846e-11,derived_from_golden_bench,
VCT_091,VCT,hot,25.0,85.0,0.9,6e-08,2.2170005611991072e-05,,,5.63824846e-11,scaled_from_leakage,
VCT_091,VCT,hot,30.0,85.0,0.9,6e-08,2.6604006734389283e-05,,5.881774176e-19,5.63824846e-11,derived_from_golden_bench,
VCT_091,VCT,hot,40.0,85.0,0.9,6e-08,3.547200897918572e-05,,,5.63824846e-11,scaled_from_leakage,
VCT_091,VCT,hot,50.0,85.0,0.9,6e-08,4.4340011223982144e-05,,5.881774176e-19,5.63824846e-11,derived_from_golden_bench,
VCT_091,VCT,hot,60.0,85.0,0.9,6e-08,5.320801346877857e-05,,,5.63824846e-11,scaled_from_leakage,
VCT_091,VCT,hot,70.0,85.0,0.9,6e-08,6.207601571357499e-05,,,5.63824846e-11,scaled_from_leakage,
VCT_091,VCT,hot,80.0,85.0,0.9,6e-08,7.094401795837143e-05,,,5.63824846e-11,scaled_from_leakage,
VCT_091,VCT,ss,5.0,27.0,0.81,6e-08,4.542417939062283e-06,0.010975609756097562,,5.50367675e-11,analytic_read,
VCT_091,VCT,ss,8.0,27.0,0.81,6e-08,7.267868702499652e-06,0.01730769230769231,,5.50367675e-11,analytic_read,
VCT_091,VCT,ss,10.0,27.0,0.81,6e-08,9.084835878124564e-06,0.02142857142857143,2.2466257362e-18,5.50367675e-11,analytic_read,
VCT_091,VCT,ss,15.0,27.0,0.81,6e-08,1.3627253817186847e-05,0.031395348837209305,2.2466257362e-18,5.50367675e-11,analytic_read,
VCT_091,VCT,ss,20.0,27.0,0.81,6e-08,1.816967175624913e-05,0.04090909090909091,2.2466257362e-18,5.50367675e-11,analytic_read,
VCT_091,VCT,ss,25.0,27.0,0.81,6e-08,2.2712089695311415e-05,0.05,,5.50367675e-11,analytic_read,
VCT_091,VCT,ss,30.0,27.0,0.81,6e-08,2.7254507634373695e-05,0.058695652173913045,2.2466257362e-18,5.50367675e-11,analytic_read,
VCT_091,VCT,ss,40.0,27.0,0.81,6e-08,3.6339343512498264e-05,0.07500000000000001,,5.50367675e-11,analytic_read,
VCT_091,VCT,ss,50.0,27.0,0.81,6e-08,4.542417939062283e-05,0.09000000000000001,2.2466257362e-18,5.50367675e-11,analytic_read,
VCT_091,VCT,ss,60.0,27.0,0.81,6e-08,5.4509015268747397e-05,0.10384615384615387,,5.50367675e-11,analytic_read,
VCT_091,VCT,ss,70.0,27.0,0.81,6e-08,6.359385114687196e-05,0.11666666666666668,,5.50367675e-11,analytic_read,
VCT_091,VCT,ss,80.0,27.0,0.81,6e-08,7.267868702499653e-05,0.1285714285714286,,5.50367675e-11,analytic_read,
VCT_091,VCT,tt,5.0,27.0,0.9,6e-08,4.155905455125783e-06,0.010975609756097562,,6.01553627e-11,analytic_read,
VCT_091,VCT,tt,8.0,27.0,0.9,6e-08,6.649448728201252e-06,0.01730769230769231,,6.01553627e-11,analytic_read,
VCT_091,VCT,tt,10.0,27.0,0.9,6e-08,8.311810910251564e-06,0.02142857142857143,1.88524467e-18,6.01553627e-11,analytic_read,
VCT_091,VCT,tt,15.0,27.0,0.9,6e-08,1.2467716365377346e-05,0.031395348837209305,1.88524467e-18,6.01553627e-11,analytic_read,
VCT_091,VCT,tt,20.0,27.0,0.9,6e-08,1.662362182050313e-05,0.04090909090909091,1.88524467e-18,6.01553627e-11,analytic_read,
VCT_091,VCT,tt,25.0,27.0,0.9,6e-08,2.0779527275628912e-05,0.05,,6.01553627e-11,analytic_read,
VCT_091,VCT,tt,30.0,27.0,0.9,6e-08,2.4935432730754693e-05,0.058695652173913045,1.88524467e-18,6.01553627e-11,analytic_read,
VCT_091,VCT,tt,40.0,27.0,0.9,6e-08,3.3247243641006264e-05,0.07500000000000001,,6.01553627e-11,analytic_read,
VCT_091,VCT,tt,50.0,27.0,0.9,6e-08,4.155905455125783e-05,0.09000000000000001,1.88524467e-18,6.01553627e-11,analytic_read,
VCT_091,VCT,tt,60.0,27.0,0.9,6e-08,4.987086546150939e-05,0.10384615384615387,,6.01553627e-11,analytic_read,
VCT_091,VCT,tt,70.0,27.0,0.9,6e-08,5.8182676371760953e-05,0.11666666666666668,,6.01553627e-11,analytic_read,
VCT_091,VCT,tt,80.0,27.0,0.9,6e-08,6.649448728201253e-05,0.1285714285714286,,6.01553627e-11,analytic_read,
VCT_102,VCT,cold,5.0,-40.0,0.9,6e-08,4.0078661266264795e-06,,,6.2377333e-11,scaled_from_leakage,
VCT_102,VCT,cold,8.0,-40.0,0.9,6e-08,6.412585802602366e-06,,,6.2377333e-11,scaled_from_leakage,
VCT_102,VCT,cold,10.0,-40.0,0.9,6e-08,8.015732253252957e-06,,3.9523795019999995e-18,6.2377333e-11,derived_from_golden_bench,
VCT_102,VCT,cold,15.0,-40.0,0.9,6e-08,1.2023598379879436e-05,,3.9523795019999995e-18,6.2377333e-11,derived_from_golden_bench,
VCT_102,VCT,cold,20.0,-40.0,0.9,6e-08,1.6031464506505915e-05,,3.9523795019999995e-18,6.2377333e-11,derived_from_golden_bench,
VCT_102,VCT,cold,25.0,-40.0,0.9,6e-08,2.0039330633132393e-05,,,6.2377333e-11,scaled_from_leakage,
VCT_102,VCT,cold,30.0,-40.0,0.9,6e-08,2.4047196759758872e-05,,3.9523795019999995e-18,6.2377333e-11,derived_from_golden_bench,
VCT_102,VCT,cold,40.0,-40.0,0.9,6e-08,3.2062929013011836e-05,,,6.2377333e-11,scaled_from_leakage,
VCT_102,VCT,cold,50.0,-40.0,0.9,6e-08,4.0078661266264786e-05,,3.9523795019999995e-18,6.2377333e-11,derived_from_golden_bench,
VCT_102,VCT,cold,60.0,-40.0,0.9,6e-08,4.809439351951775e-05,,,6.2377333e-11,scaled_from_leakage,
VCT_102,VCT,cold,70.0,-40.0,0.9,6e-08,5.61101257727707e-05,,,6.2377333e-11,scaled_from_leakage,
VCT_102,VCT,cold,80.0,-40.0,0.9,6e-08,6.412585802602367e-05,,,6.2377333e-11,scaled_from_leakage,
VCT_102,VCT,ff,5.0,27.0,0.99,6e-08,3.857872311355234e-06,0.010975609756097562,,6.48025595e-11,analytic_read,
VCT_102,VCT,ff,8.0,27.0,0.99,6e-08,6.172595698168373e-06,0.01730769230769231,,6.48025595e-11,analytic_read,
VCT_102,VCT,ff,10.0,27.0,0.99,6e-08,7.715744622710466e-06,0.02142857142857143,1.2646741734e-18,6.48025595e-11,analytic_read,
VCT_102,VCT,ff,15.0,27.0,0.99,6e-08,1.1573616934065699e-05,0.031395348837209305,1.2646741734e-18,6.48025595e-11,analytic_read,
VCT_102,VCT,ff,20.0,27.0,0.99,6e-08,1.543148924542093e-05,0.04090909090909091,1.2646741734e-18,6.48025595e-11,analytic_read,
VCT_102,VCT,ff,25.0,27.0,0.99,6e-08,1.9289361556776164e-05,0.05,,6.48025595e-11,analytic_read,
VCT_102,VCT,ff,30.0,27.0,0.99,6e-08,2.3147233868131397e-05,0.058695652173913045,1.2646741734e-18,6.48025595e-11,analytic_read,
VCT_102,VCT,ff,40.0,27.0,0.99,6e-08,3.086297849084187e-05,0.07500000000000001,,6.48025595e-11,analytic_read,
VCT_102,VCT,ff,50.0,27.0,0.99,6e-08,3.857872311355233e-05,0.09000000000000001,1.2646741734e-18,6.48025595e-11,analytic_read,
VCT_102,VCT,ff,60.0,27.0,0.99,6e-08,4.62944677362628e-05,0.10384615384615387,,6.48025595e-11,analytic_read,
VCT_102,VCT,ff,70.0,27.0,0.99,6e-08,5.401021235897326e-05,0.11666666666666668,,6.48025595e-11,analytic_read,
VCT_102,VCT,ff,80.0,27.0,0.99,6e-08,6.172595698168374e-05,0.1285714285714286,,6.48025595e-11,analytic_read,
VCT_102,VCT,hot,5.0,85.0,0.9,6e-08,4.444643035046046e-06,,,5.62474867e-11,scaled_from_leakage,
VCT_102,VCT,hot,8.0,85.0,0.9,6e-08,7.111428856073671e-06,,,5.62474867e-11,scaled_from_leakage,
VCT_102,VCT,hot,10.0,85.0,0.9,6e-08,8.88928607009209e-06,,5.607804078000001e-19,5.62474867e-11,derived_from_golden_bench,
VCT_102,VCT,hot,15.0,85.0,0.9,6e-08,1.3333929105138133e-05,,5.607804078000001e-19,5.62474867e-11,derived_from_golden_bench,
VCT_102,VCT,hot,20.0,85.0,0.9,6e-08,1.777857214018418e-05,,5.607804078000001e-19,5.62474867e-11,derived_from_golden_bench,
VCT_102,VCT,hot,25.0,85.0,0.9,6e-08,2.2223215175230224e-05,,,5.62474867e-11,scaled_from_leakage,
VCT_102,VCT,hot,30.0,85.0,0.9,6e-08,2.6667858210276266e-05,,5.607804078000001e-19,5.62474867e-11,derived_from_golden_bench,
VCT_102,VCT,hot,40.0,85.0,0.9,6e-08,3.5557144280368365e-05,,,5.62474867e-11,scaled_from_leakage,
VCT_102,VCT,hot,50.0,85.0,0.9,6e-08,4.444643035046045e-05,,5.607804078000001e-19,5.62474867e-11,derived_from_golden_bench,
VCT_102,VCT,hot,60.0,85.0,0.9,6e-08,5.333571642055254e-05,,,5.62474867e-11,scaled_from_leakage,
VCT_102,VCT,hot,70.0,85.0,0.9,6e-08,6.222500249064462e-05,,,5.62474867e-11,scaled_from_leakage,
VCT_102,VCT,hot,80.0,85.0,0.9,6e-08,7.111428856073673e-05,,,5.62474867e-11,scaled_from_leakage,
VCT_102,VCT,ss,5.0,27.0,0.81,6e-08,4.546311607852838e-06,0.010975609756097562,,5.49896315e-11,analytic_read,
VCT_102,VCT,ss,8.0,27.0,0.81,6e-08,7.27409857256454e-06,0.01730769230769231,,5.49896315e-11,analytic_read,
VCT_102,VCT,ss,10.0,27.0,0.81,6e-08,9.092623215705674e-06,0.02142857142857143,2.2094154054e-18,5.49896315e-11,analytic_read,
VCT_102,VCT,ss,15.0,27.0,0.81,6e-08,1.3638934823558512e-05,0.031395348837209305,2.2094154054e-18,5.49896315e-11,analytic_read,
VCT_102,VCT,ss,20.0,27.0,0.81,6e-08,1.818524643141135e-05,0.04090909090909091,2.2094154054e-18,5.49896315e-11,analytic_read,
VCT_102,VCT,ss,25.0,27.0,0.81,6e-08,2.2731558039264188e-05,0.05,,5.49896315e-11,analytic_read,
VCT_102,VCT,ss,30.0,27.0,0.81,6e-08,2.7277869647117024e-05,0.058695652173913045,2.2094154054e-18,5.49896315e-11,analytic_read,
VCT_102,VCT,ss,40.0,27.0,0.81,6e-08,3.6370492862822704e-05,0.07500000000000001,,5.49896315e-11,analytic_read,
VCT_102,VCT,ss,50.0,27.0,0.81,6e-08,4.5463116078528376e-05,0.09000000000000001,2.2094154054e-18,5.49896315e-11,analytic_read,
VCT_102,VCT,ss,60.0,27.0,0.81,6e-08,5.4555739294234055e-05,0.10384615384615387,,5.49896315e-11,analytic_read,
VCT_102,VCT,ss,70.0,27.0,0.81,6e-08,6.364836250993972e-05,0.11666666666666668,,5.49896315e-11,analytic_read,
VCT_102,VCT,ss,80.0,27.0,0.81,6e-08,7.274098572564541e-05,0.1285714285714286,,5.49896315e-11,analytic_read,
VCT_102,VCT,tt,5.0,27.0,0.9,6e-08,4.160633816975949e-06,0.010975609756097562,,6.0086999e-11,analytic_read,
VCT_102,VCT,tt,8.0,27.0,0.9,6e-08,6.657014107161518e-06,0.01730769230769231,,6.0086999e-11,analytic_read,
VCT_102,VCT,tt,10.0,27.0,0.9,6e-08,8.321267633951897e-06,0.02142857142857143,1.836931149e-18,6.0086999e-11,analytic_read,
VCT_102,VCT,tt,15.0,27.0,0.9,6e-08,1.2481901450927848e-05,0.031395348837209305,1.836931149e-18,6.0086999e-11,analytic_read,
VCT_102,VCT,tt,20.0,27.0,0.9,6e-08,1.6642535267903793e-05,0.04090909090909091,1.836931149e-18,6.0086999e-11,analytic_read,
VCT_102,VCT,tt,25.0,27.0,0.9,6e-08,2.0803169084879745e-05,0.05,,6.0086999e-11,analytic_read,
VCT_102,VCT,tt,30.0,27.0,0.9,6e-08,2.4963802901855693e-05,0.058695652173913045,1.836931149e-18,6.0086999e-11,analytic_read,
VCT_102,VCT,tt,40.0,27.0,0.9,6e-08,3.328507053580759e-05,0.07500000000000001,,6.0086999e-11,analytic_read,
VCT_102,VCT,tt,50.0,27.0,0.9,6e-08,4.160633816975949e-05,0.09000000000000001,1.836931149e-18,6.0086999e-11,analytic_read,
VCT_102,VCT,tt,60.0,27.0,0.9,6e-08,4.992760580371139e-05,0.10384615384615387,,6.0086999e-11,analytic_read,
VCT_102,VCT,tt,70.0,27.0,0.9,6e-08,5.824887343766328e-05,0.11666666666666668,,6.0086999e-11,analytic_read,
VCT_102,VCT,tt,80.0,27.0,0.9,6e-08,6.657014107161519e-05,0.1285714285714286,,6.0086999e-11,analytic_read,
VCT_125,VCT,cold,5.0,-40.0,0.9,6e-08,4.0679171639288616e-06,,,6.1456512e-11,scaled_from_leakage,
VCT_125,VCT,cold,8.0,-40.0,0.9,6e-08,6.508667462286178e-06,,,6.1456512e-11,scaled_from_leakage,
VCT_125,VCT,cold,10.0,-40.0,0.9,6e-08,8.135834327857721e-06,,2.59185402e-18,6.1456512e-11,derived_from_golden_bench,
VCT_125,VCT,cold,15.0,-40.0,0.9,6e-08,1.2203751491786583e-05,,2.59185402e-18,6.1456512e-11,derived_from_golden_bench,
VCT_125,VCT,cold,20.0,-40.0,0.9,6e-08,1.6271668655715443e-05,,2.59185402e-18,6.1456512e-11,derived_from_golden_bench,
VCT_125,VCT,cold,25.0,-40.0,0.9,6e-08,2.0339585819644306e-05,,,6.1456512e-11,scaled_from_leakage,
VCT_125,VCT,cold,30.0,-40.0,0.9,6e-08,2.4407502983573166e-05,,2.59185402e-18,6.1456512e-11,derived_from_golden_bench,
VCT_125,VCT,cold,40.0,-40.0,0.9,6e-08,3.254333731143089e-05,,,6.1456512e-11,scaled_from_leakage,
VCT_125,VCT,cold,50.0,-40.0,0.9,6e-08,4.067917163928861e-05,,2.59185402e-18,6.1456512e-11,derived_from_golden_bench,
VCT_125,VCT,cold,60.0,-40.0,0.9,6e-08,4.881500596714634e-05,,,6.1456512e-11,scaled_from_leakage,
VCT_125,VCT,cold,70.0,-40.0,0.9,6e-08,5.695084029500406e-05,,,6.1456512e-11,scaled_from_leakage,
VCT_125,VCT,cold,80.0,-40.0,0.9,6e-08,6.508667462286179e-05,,,6.1456512e-11,scaled_from_leakage,
VCT_125,VCT,ff,5.0,27.0,0.99,6e-08,4.040555005334326e-06,0.010975609756097562,,6.18726882e-11,analytic_read,
VCT_125,VCT,ff,8.0,27.0,0.99,6e-08,6.46488800853492e-06,0.01730769230769231,,6.18726882e-11,analytic_read,
VCT_125,VCT,ff,10.0,27.0,0.99,6e-08,8.08111001066865e-06,0.02142857142857143,3.4118541666e-19,6.18726882e-11,analytic_read,
VCT_125,VCT,ff,15.0,27.0,0.99,6e-08,1.2121665016002975e-05,0.031395348837209305,3.4118541666e-19,6.18726882e-11,analytic_read,
VCT_125,VCT,ff,20.0,27.0,0.99,6e-08,1.61622200213373e-05,0.04090909090909091,3.4118541666e-19,6.18726882e-11,analytic_read,
VCT_125,VCT,ff,25.0,27.0,0.99,6e-08,2.0202775026671628e-05,0.05,,6.18726882e-11,analytic_read,
VCT_125,VCT,ff,30.0,27.0,0.99,6e-08,2.424333003200595e-05,0.058695652173913045,3.4118541666e-19,6.18726882e-11,analytic_read,
VCT_125,VCT,ff,40.0,27.0,0.99,6e-08,3.2324440042674605e-05,0.07500000000000001,,6.18726882e-11,analytic_read,
VCT_125,VCT,ff,50.0,27.0,0.99,6e-08,4.0405550053343257e-05,0.09000000000000001,3.4118541666e-19,6.18726882e-11,analytic_read,
VCT_125,VCT,ff,60.0,27.0,0.99,6e-08,4.848666006401191e-05,0.10384615384615387,,6.18726882e-11,analytic_read,
VCT_125,VCT,ff,70.0,27.0,0.99,6e-08,5.656777007468055e-05,0.11666666666666668,,6.18726882e-11,analytic_read,
VCT_125,VCT,ff,80.0,27.0,0.99,6e-08,6.464888008534921e-05,0.1285714285714286,,6.18726882e-11,analytic_read,
VCT_125,VCT,hot,5.0,85.0,0.9,6e-08,4.711075825195058e-06,,,5.30664352e-11,scaled_from_leakage,
VCT_125,VCT,hot,8.0,85.0,0.9,6e-08,7.537721320312091e-06,,,5.30664352e-11,scaled_from_leakage,
VCT_125,VCT,hot,10.0,85.0,0.9,6e-08,9.422151650390114e-06,,1.2697839089999998e-19,5.30664352e-11,derived_from_golden_bench,
VCT_125,VCT,hot,15.0,85.0,0.9,6e-08,1.413322747558517e-05,,1.2697839089999998e-19,5.30664352e-11,derived_from_golden_bench,
VCT_125,VCT,hot,20.0,85.0,0.9,6e-08,1.8844303300780227e-05,,1.2697839089999998e-19,5.30664352e-11,derived_from_golden_bench,
VCT_125,VCT,hot,25.0,85.0,0.9,6e-08,2.3555379125975288e-05,,,5.30664352e-11,scaled_from_leakage,
VCT_125,VCT,hot,30.0,85.0,0.9,6e-08,2.826645495117034e-05,,1.2697839089999998e-19,5.30664352e-11,derived_from_golden_bench,
VCT_125,VCT,hot,40.0,85.0,0.9,6e-08,3.768860660156046e-05,,,5.30664352e-11,scaled_from_leakage,
VCT_125,VCT,hot,50.0,85.0,0.9,6e-08,4.7110758251950575e-05,,1.2697839089999998e-19,5.30664352e-11,derived_from_golden_bench,
VCT_125,VCT,hot,60.0,85.0,0.9,6e-08,5.653290990234069e-05,,,5.30664352e-11,scaled_from_leakage,
VCT_125,VCT,hot,70.0,85.0,0.9,6e-08,6.59550615527308e-05,,,5.30664352e-11,scaled_from_leakage,
VCT_125,VCT,hot,80.0,85.0,0.9,6e-08,7.537721320312092e-05,,,5.30664352e-11,scaled_from_leakage,
VCT_125,VCT,ss,5.0,27.0,0.81,6e-08,4.713601995273005e-06,0.010975609756097562,,5.30379952e-11,analytic_read,
VCT_125,VCT,ss,8.0,27.0,0.81,6e-08,7.541763192436807e-06,0.01730769230769231,,5.30379952e-11,analytic_read,
VCT_125,VCT,ss,10.0,27.0,0.81,6e-08,9.427203990546009e-06,0.02142857142857143,1.0839423159e-18,5.30379952e-11,analytic_read,
VCT_125,VCT,ss,15.0,27.0,0.81,6e-08,1.4140805985819013e-05,0.031395348837209305,1.0839423159e-18,5.30379952e-11,analytic_read,
VCT_125,VCT,ss,20.0,27.0,0.81,6e-08,1.8854407981092018e-05,0.04090909090909091,1.0839423159e-18,5.30379952e-11,analytic_read,
VCT_125,VCT,ss,25.0,27.0,0.81,6e-08,2.3568009976365022e-05,0.05,,5.30379952e-11,analytic_read,
VCT_125,VCT,ss,30.0,27.0,0.81,6e-08,2.8281611971638027e-05,0.058695652173913045,1.0839423159e-18,5.30379952e-11,analytic_read,
VCT_125,VCT,ss,40.0,27.0,0.81,6e-08,3.770881596218404e-05,0.07500000000000001,,5.30379952e-11,analytic_read,
VCT_125,VCT,ss,50.0,27.0,0.81,6e-08,4.7136019952730044e-05,0.09000000000000001,1.0839423159e-18,5.30379952e-11,analytic_read,
VCT_125,VCT,ss,60.0,27.0,0.81,6e-08,5.656322394327606e-05,0.10384615384615387,,5.30379952e-11,analytic_read,
VCT_125,VCT,ss,70.0,27.0,0.81,6e-08,6.599042793382207e-05,0.11666666666666668,,5.30379952e-11,analytic_read,
VCT_125,VCT,ss,80.0,27.0,0.81,6e-08,7.541763192436808e-05,0.1285714285714286,,5.30379952e-11,analytic_read,
VCT_125,VCT,tt,5.0,27.0,0.9,6e-08,4.3427152850596805e-06,0.010975609756097562,,5.75676699e-11,analytic_read,
VCT_125,VCT,tt,8.0,27.0,0.9,6e-08,6.948344456095487e-06,0.01730769230769231,,5.75676699e-11,analytic_read,
VCT_125,VCT,tt,10.0,27.0,0.9,6e-08,8.68543057011936e-06,0.02142857142857143,6.754564485e-19,5.75676699e-11,analytic_read,
VCT_125,VCT,tt,15.0,27.0,0.9,6e-08,1.302814585517904e-05,0.031395348837209305,6.754564485e-19,5.75676699e-11,analytic_read,
VCT_125,VCT,tt,20.0,27.0,0.9,6e-08,1.737086114023872e-05,0.04090909090909091,6.754564485e-19,5.75676699e-11,analytic_read,
VCT_125,VCT,tt,25.0,27.0,0.9,6e-08,2.17135764252984e-05,0.05,,5.75676699e-11,analytic_read,
VCT_125,VCT,tt,30.0,27.0,0.9,6e-08,2.605629171035808e-05,0.058695652173913045,6.754564485e-19,5.75676699e-11,analytic_read,
VCT_125,VCT,tt,40.0,27.0,0.9,6e-08,3.4741722280477444e-05,0.07500000000000001,,5.75676699e-11,analytic_read,
VCT_125,VCT,tt,50.0,27.0,0.9,6e-08,4.34271528505968e-05,0.09000000000000001,6.754564485e-19,5.75676699e-11,analytic_read,
VCT_125,VCT,tt,60.0,27.0,0.9,6e-08,5.211258342071616e-05,0.10384615384615387,,5.75676699e-11,analytic_read,
VCT_125,VCT,tt,70.0,27.0,0.9,6e-08,6.079801399083552e-05,0.11666666666666668,,5.75676699e-11,analytic_read,
VCT_125,VCT,tt,80.0,27.0,0.9,6e-08,6.948344456095489e-05,0.1285714285714286,,5.75676699e-11,analytic_read,
