model_id,architecture,corner,ccell_ff,t_write_s,t_read_s,i_hold_a,q_read_c
BCAT_125,BCAT,tt,10.0,1.90054e-09,2.28266e-08,7.89181e-12,4.24648e-19
BCAT_125,BCAT,tt,20.0,1.90027e-09,2.28317e-08,7.89205e-12,3.99187e-19
BCAT_125,BCAT,tt,30.0,1.90018e-09,2.28335e-08,7.89213e-12,3.90659e-19
VCT_082,VCT,tt,10.0,1.90072e-09,2.26533e-08,3.16521e-11,2.8537400000000002e-18
VCT_082,VCT,tt,20.0,1.90036e-09,2.26566e-08,3.16548e-11,2.8317e-18
VCT_082,VCT,tt,30.0,1.90024e-09,2.26577e-08,3.16557e-11,2.8243200000000003e-18
VCT_091,VCT,tt,10.0,1.90072e-09,2.26575e-08,3.16378e-11,2.81893e-18
VCT_091,VCT,tt,20.0,1.90036e-09,2.26608e-08,3.16404e-11,2.7966e-18
VCT_091,VCT,tt,30.0,1.90024e-09,2.26619e-08,3.16413e-11,2.78911e-18
VCT_102,VCT,tt,10.0,1.90072e-09,2.26629e-08,3.16194e-11,2.7744200000000003e-18
VCT_102,VCT,tt,20.0,1.90036e-09,2.26663e-08,3.1622e-11,2.7517e-18
VCT_102,VCT,tt,30.0,1.90024e-09,2.26674e-08,3.16229e-11,2.74409e-18
VCT_125,VCT,tt,10.0,1.90072e-09,2.28559e-08,3.06566e-11,1.0600900000000001e-18
VCT_125,VCT,tt,20.0,1.90036e-09,2.28611e-08,3.0658e-11,1.02413e-18
VCT_125,VCT,tt,30.0,1.90024e-09,2.28628e-08,3.06585e-11,1.01209e-18
3D_gaa_Si,3D_GAA,tt,10.0,1.90075e-09,2.29337e-08,2.95318e-11,1.9072e-19
3D_gaa_Si,3D_GAA,tt,20.0,1.90037e-09,2.29403e-08,2.95331e-11,1.50033e-19
3D_gaa_Si,3D_GAA,tt,30.0,1.90025e-09,2.29426e-08,2.95335e-11,1.36406e-19
3D_gaa_AOS,3D_GAA,tt,10.0,1.90212e-09,2.2835529217199592e-08,4.50507e-10,2.64396e-19
3D_gaa_AOS,3D_GAA,tt,20.0,1.90106e-09,2.2641173361522244e-08,4.50562e-10,1.33025e-19
3D_gaa_AOS,3D_GAA,tt,30.0,1.90071e-09,2.2453134110787263e-08,4.50581e-10,8.883409999999999e-20
BCAT_125,BCAT,ff,10.0,1.90054e-09,2.28499e-08,8.54177e-12,1.90308e-19
BCAT_125,BCAT,ff,20.0,1.90027e-09,2.28559e-08,8.54199e-12,1.58171e-19
BCAT_125,BCAT,ff,30.0,1.90018e-09,2.28579e-08,8.54207e-12,1.4739900000000001e-19
VCT_082,VCT,ff,10.0,1.90072e-09,2.27715e-08,3.44019e-11,2.0624600000000003e-18
VCT_082,VCT,ff,20.0,1.90036e-09,2.2776e-08,3.44042e-11,2.0278400000000002e-18
VCT_082,VCT,ff,30.0,1.90024e-09,2.27776e-08,3.4405e-11,2.0162800000000003e-18
VCT_091,VCT,ff,10.0,1.90072e-09,2.27765e-08,3.43786e-11,2.01509e-18
VCT_091,VCT,ff,20.0,1.90036e-09,2.27811e-08,3.43808e-11,1.9801600000000003e-18
VCT_091,VCT,ff,30.0,1.90024e-09,2.27826e-08,3.43816e-11,1.96845e-18
VCT_102,VCT,ff,10.0,1.90072e-09,2.27828e-08,3.43485e-11,1.95523e-18
VCT_102,VCT,ff,20.0,1.90036e-09,2.27874e-08,3.43508e-11,1.9199200000000003e-18
VCT_102,VCT,ff,30.0,1.90024e-09,2.2789e-08,3.43516e-11,1.90808e-18
VCT_125,VCT,ff,10.0,1.90072e-09,2.29156e-08,3.30341e-11,4.61322e-19
VCT_125,VCT,ff,20.0,1.90036e-09,2.29211e-08,3.30352e-11,4.18912e-19
VCT_125,VCT,ff,30.0,1.90024e-09,2.29229e-08,3.30355e-11,4.0471000000000003e-19
3D_gaa_Si,3D_GAA,ff,10.0,1.90075e-09,2.29299e-08,3.18248e-11,1.21215e-19
3D_gaa_Si,3D_GAA,ff,20.0,1.90037e-09,2.29382e-08,3.18262e-11,6.6623e-20
3D_gaa_Si,3D_GAA,ff,30.0,1.90025e-09,2.29409e-08,3.18267e-11,4.8255499999999994e-20
3D_gaa_AOS,3D_GAA,ff,10.0,1.90212e-09,2.282630522088352e-08,4.86016e-10,3.0526400000000002e-19
3D_gaa_AOS,3D_GAA,ff,20.0,1.90106e-09,2.2632225433526007e-08,4.86073e-10,1.53904e-19
3D_gaa_AOS,3D_GAA,ff,30.0,1.90071e-09,2.2445052770448523e-08,4.86092e-10,1.02963e-19
BCAT_125,BCAT,ss,10.0,1.90054e-09,2.27482e-08,7.21438e-12,8.77792e-19
BCAT_125,BCAT,ss,20.0,1.90027e-09,2.27525e-08,7.21466e-12,8.58906e-19
BCAT_125,BCAT,ss,30.0,1.90018e-09,2.27539e-08,7.21475e-12,8.52581e-19
VCT_082,VCT,ss,10.0,1.90072e-09,2.25713e-08,2.8664e-11,3.1582700000000004e-18
VCT_082,VCT,ss,20.0,1.90036e-09,2.25733e-08,2.86662e-11,3.1462400000000004e-18
VCT_082,VCT,ss,30.0,1.90024e-09,2.2574e-08,2.86669e-11,3.1422e-18
VCT_091,VCT,ss,10.0,1.90072e-09,2.25737e-08,2.86581e-11,3.1410400000000002e-18
VCT_091,VCT,ss,20.0,1.90036e-09,2.25758e-08,2.86602e-11,3.1288300000000002e-18
VCT_091,VCT,ss,30.0,1.90024e-09,2.25764e-08,2.8661e-11,3.1247500000000003e-18
VCT_102,VCT,ss,10.0,1.90072e-09,2.25768e-08,2.86504e-11,3.11854e-18
VCT_102,VCT,ss,20.0,1.90036e-09,2.25789e-08,2.86525e-11,3.1061300000000004e-18
VCT_102,VCT,ss,30.0,1.90024e-09,2.25796e-08,2.86532e-11,3.1019800000000003e-18
VCT_125,VCT,ss,10.0,1.90072e-09,2.27454e-08,2.81088e-11,1.84926e-18
VCT_125,VCT,ss,20.0,1.90036e-09,2.27496e-08,2.81108e-11,1.82318e-18
VCT_125,VCT,ss,30.0,1.90024e-09,2.2751e-08,2.81115e-11,1.81445e-18
3D_gaa_Si,3D_GAA,ss,10.0,1.90075e-09,2.29105e-08,2.71937e-11,4.69738e-19
3D_gaa_Si,3D_GAA,ss,20.0,1.90037e-09,2.29164e-08,2.71951e-11,4.37803e-19
3D_gaa_Si,3D_GAA,ss,30.0,1.90025e-09,2.29184e-08,2.71956e-11,4.27096e-19
3D_gaa_AOS,3D_GAA,ss,10.0,1.90212e-09,2.2846149144254276e-08,4.1495e-10,2.32171e-19
3D_gaa_AOS,3D_GAA,ss,20.0,1.90106e-09,2.26514084507042e-08,4.14965e-10,1.18912e-19
3D_gaa_AOS,3D_GAA,ss,30.0,1.90071e-09,2.246254045307444e-08,4.14984e-10,8.084489999999999e-20
BCAT_125,BCAT,cold,10.0,1.90054e-09,2.27363e-08,8.08196e-12,1.11127e-18
BCAT_125,BCAT,cold,20.0,1.90027e-09,2.27406e-08,8.08228e-12,1.0900900000000001e-18
BCAT_125,BCAT,cold,30.0,1.90018e-09,2.27421e-08,8.08239e-12,1.083e-18
VCT_082,VCT,cold,10.0,1.90072e-09,2.25085e-08,3.19895e-11,4.005060000000001e-18
VCT_082,VCT,cold,20.0,1.90036e-09,2.2509e-08,3.19903e-11,4.0018900000000005e-18
VCT_082,VCT,cold,30.0,1.90024e-09,2.25091e-08,3.19906e-11,4.00083e-18
VCT_091,VCT,cold,10.0,1.90072e-09,2.25088e-08,3.19884e-11,4.002330000000001e-18
VCT_091,VCT,cold,20.0,1.90036e-09,2.25093e-08,3.19891e-11,3.9991300000000005e-18
VCT_091,VCT,cold,30.0,1.90024e-09,2.25095e-08,3.19894e-11,3.9980600000000006e-18
VCT_102,VCT,cold,10.0,1.90072e-09,2.25093e-08,3.1987e-11,3.99873e-18
VCT_102,VCT,cold,20.0,1.90036e-09,2.25098e-08,3.19879e-11,3.9954800000000006e-18
VCT_102,VCT,cold,30.0,1.90024e-09,2.251e-08,3.19882e-11,3.9944e-18
VCT_125,VCT,cold,10.0,1.90072e-09,2.25785e-08,3.18817e-11,3.4662e-18
VCT_125,VCT,cold,20.0,1.90036e-09,2.25808e-08,3.18843e-11,3.4503800000000003e-18
VCT_125,VCT,cold,30.0,1.90024e-09,2.25816e-08,3.18851e-11,3.4450800000000004e-18
3D_gaa_Si,3D_GAA,cold,10.0,1.90075e-09,2.29287e-08,3.07574e-11,5.5498300000000005e-19
3D_gaa_Si,3D_GAA,cold,20.0,1.90037e-09,2.29347e-08,3.0759e-11,5.186320000000001e-19
3D_gaa_Si,3D_GAA,cold,30.0,1.90025e-09,2.29367e-08,3.07595e-11,5.06445e-19
3D_gaa_AOS,3D_GAA,cold,10.0,1.90213e-09,2.2902840269966277e-08,5.04036e-10,2.88579e-19
3D_gaa_AOS,3D_GAA,cold,20.0,1.90106e-09,2.270126931567333e-08,5.04093e-10,1.63075e-19
3D_gaa_AOS,3D_GAA,cold,30.0,1.90071e-09,2.2500555555555617e-08,5.04112e-10,1.20906e-19
BCAT_125,BCAT,hot,10.0,1.90054e-09,2.28317e-08,7.67563e-12,1.84121e-19
BCAT_125,BCAT,hot,20.0,1.90027e-09,2.28375e-08,7.67584e-12,1.55897e-19
BCAT_125,BCAT,hot,30.0,1.90018e-09,2.28394e-08,7.67591e-12,1.46439e-19
VCT_082,VCT,hot,10.0,1.90072e-09,2.28502e-08,3.03271e-11,1.0104e-18
VCT_082,VCT,hot,20.0,1.90036e-09,2.28553e-08,3.03286e-11,9.7502e-19
VCT_082,VCT,hot,30.0,1.90024e-09,2.2857e-08,3.03291e-11,9.631710000000001e-19
VCT_091,VCT,hot,10.0,1.90072e-09,2.28533e-08,3.02903e-11,9.76346e-19
VCT_091,VCT,hot,20.0,1.90036e-09,2.28584e-08,3.02918e-11,9.40814e-19
VCT_091,VCT,hot,30.0,1.90024e-09,2.28601e-08,3.02922e-11,9.28913e-19
VCT_102,VCT,hot,10.0,1.90072e-09,2.28572e-08,3.02434e-11,9.33844e-19
VCT_102,VCT,hot,20.0,1.90036e-09,2.28623e-08,3.02448e-11,8.980600000000001e-19
VCT_102,VCT,hot,30.0,1.90024e-09,2.2864e-08,3.02453e-11,8.86074e-19
VCT_125,VCT,hot,10.0,1.90071e-09,2.28984e-08,2.87228e-11,1.9527400000000001e-19
VCT_125,VCT,hot,20.0,1.90036e-09,2.2904e-08,2.87238e-11,1.56382e-19
VCT_125,VCT,hot,30.0,1.90024e-09,2.29059e-08,2.87242e-11,1.43355e-19
3D_gaa_Si,3D_GAA,hot,10.0,1.90075e-09,2.29084e-08,2.83305e-11,1.0856e-19
3D_gaa_Si,3D_GAA,hot,20.0,1.90037e-09,2.29162e-08,2.8332e-11,6.181619999999999e-20
3D_gaa_Si,3D_GAA,hot,30.0,1.90025e-09,2.29188e-08,2.83325e-11,4.61089e-20
3D_gaa_AOS,3D_GAA,hot,10.0,1.9021e-09,2.29944e-08,4.01736e-10,2.81112e-19
3D_gaa_AOS,3D_GAA,hot,20.0,1.90105e-09,2.2606250000000047e-08,4.01789e-10,1.41697e-19
3D_gaa_AOS,3D_GAA,hot,30.0,1.9007e-09,2.2432486631016105e-08,4.01807e-10,9.47937e-20
BCAT_125,BCAT,ss_125,10.0,1.90054e-09,2.28157e-08,6.87599e-12,2.17615e-19
BCAT_125,BCAT,ss_125,20.0,1.90027e-09,2.28212e-08,6.87619e-12,1.9354000000000002e-19
BCAT_125,BCAT,ss_125,30.0,1.90018e-09,2.2823e-08,6.87626e-12,1.85476e-19
VCT_082,VCT,ss_125,10.0,1.90071e-09,2.28545e-08,2.66309e-11,7.02487e-19
VCT_082,VCT,ss_125,20.0,1.90036e-09,2.28597e-08,2.66321e-11,6.70232e-19
VCT_082,VCT,ss_125,30.0,1.90024e-09,2.28614e-08,2.66326e-11,6.5943e-19
VCT_091,VCT,ss_125,10.0,1.90071e-09,2.28567e-08,2.65876e-11,6.76341e-19
VCT_091,VCT,ss_125,20.0,1.90036e-09,2.28619e-08,2.65888e-11,6.43933e-19
VCT_091,VCT,ss_125,30.0,1.90024e-09,2.28636e-08,2.65892e-11,6.33079e-19
VCT_102,VCT,ss_125,10.0,1.90071e-09,2.28593e-08,2.65325e-11,6.44089e-19
VCT_102,VCT,ss_125,20.0,1.90036e-09,2.28645e-08,2.65337e-11,6.1154700000000005e-19
VCT_102,VCT,ss_125,30.0,1.90024e-09,2.28662e-08,2.65341e-11,6.006500000000001e-19
VCT_125,VCT,ss_125,10.0,1.90071e-09,2.28762e-08,2.49258e-11,1.35504e-19
VCT_125,VCT,ss_125,20.0,1.90036e-09,2.28819e-08,2.49268e-11,1.00292e-19
VCT_125,VCT,ss_125,30.0,1.90024e-09,2.28838e-08,2.49271e-11,8.85013e-20
3D_gaa_Si,3D_GAA,ss_125,10.0,1.90075e-09,2.28934e-08,2.51535e-11,1.07603e-19
3D_gaa_Si,3D_GAA,ss_125,20.0,1.90037e-09,2.29006e-08,2.51548e-11,6.86884e-20
3D_gaa_Si,3D_GAA,ss_125,30.0,1.90025e-09,2.2903e-08,2.51552e-11,5.56272e-20
3D_gaa_AOS,3D_GAA,ss_125,10.0,1.90203e-09,2.29878e-08,3.30026e-10,2.5674600000000003e-19
3D_gaa_AOS,3D_GAA,ss_125,20.0,1.90101e-09,2.2996e-08,3.30074e-10,1.29382e-19
3D_gaa_AOS,3D_GAA,ss_125,30.0,1.90068e-09,2.29987e-08,3.3009e-10,8.65453e-20
