model_id,ccell_ff,vbl_pre_fraction,gain,sigma_os_mv,t_en_ns,delta_v_bl_v,delta_v_bl_mv,yield_fraction,passes_target,t_en_min_ns,min_delta_v_mv
3D_gaa_AOS,20.0,0.5,5.0,5.0,5.0,0.0159493414,15.949341400000002,0.9999999973077643,True,5.0,13.290526731491894
3D_gaa_AOS,20.0,0.5,5.0,5.0,8.0,0.0234200094,23.4200094,1.0,True,5.0,13.290526731491894
3D_gaa_AOS,20.0,0.5,5.0,5.0,10.0,0.0264361675,26.4361675,1.0,True,5.0,13.290526731491894
3D_gaa_AOS,20.0,0.5,5.0,5.0,12.0,0.0285414756,28.541475600000002,1.0,True,5.0,13.290526731491894
3D_gaa_AOS,20.0,0.5,5.0,5.0,15.0,0.030609755,30.609755,1.0,True,5.0,13.290526731491894
3D_gaa_AOS,20.0,0.5,5.0,10.0,5.0,0.0159493414,15.949341400000002,0.9970669678186845,False,8.0,16.581053462983792
3D_gaa_AOS,20.0,0.5,5.0,10.0,8.0,0.0234200094,23.4200094,0.9999999999805382,True,8.0,16.581053462983792
3D_gaa_AOS,20.0,0.5,5.0,10.0,10.0,0.0264361675,26.4361675,0.9999999999999998,True,8.0,16.581053462983792
3D_gaa_AOS,20.0,0.5,5.0,10.0,12.0,0.0285414756,28.541475600000002,1.0,True,8.0,16.581053462983792
3D_gaa_AOS,20.0,0.5,5.0,10.0,15.0,0.030609755,30.609755,1.0,True,8.0,16.581053462983792
3D_gaa_AOS,20.0,0.5,5.0,15.0,5.0,0.0159493414,15.949341400000002,0.9526452805212071,False,8.0,19.871580194475687
3D_gaa_AOS,20.0,0.5,5.0,15.0,8.0,0.0234200094,23.4200094,0.9999922991542471,True,8.0,19.871580194475687
3D_gaa_AOS,20.0,0.5,5.0,15.0,10.0,0.0264361675,26.4361675,0.9999999571592372,True,8.0,19.871580194475687
3D_gaa_AOS,20.0,0.5,5.0,15.0,12.0,0.0285414756,28.541475600000002,0.9999999993609782,True,8.0,19.871580194475687
3D_gaa_AOS,20.0,0.5,5.0,15.0,15.0,0.030609755,30.609755,0.9999999999935761,True,8.0,19.871580194475687
3D_gaa_AOS,20.0,0.5,5.0,20.0,5.0,0.0159493414,15.949341400000002,0.8630737374772919,False,8.0,23.162106925967578
3D_gaa_AOS,20.0,0.5,5.0,20.0,8.0,0.0234200094,23.4200094,0.9992063568968955,True,8.0,23.162106925967578
3D_gaa_AOS,20.0,0.5,5.0,20.0,10.0,0.0264361675,26.4361675,0.9999602695963163,True,8.0,23.162106925967578
3D_gaa_AOS,20.0,0.5,5.0,20.0,12.0,0.0285414756,28.541475600000002,0.9999964369851617,True,8.0,23.162106925967578
3D_gaa_AOS,20.0,0.5,5.0,20.0,15.0,0.030609755,30.609755,0.9999997428793912,True,8.0,23.162106925967578
3D_gaa_AOS,20.0,0.5,10.0,5.0,5.0,0.0159493414,15.949341400000002,1.0,True,5.0,6.645263365745947
3D_gaa_AOS,20.0,0.5,10.0,5.0,8.0,0.0234200094,23.4200094,1.0,True,5.0,6.645263365745947
3D_gaa_AOS,20.0,0.5,10.0,5.0,10.0,0.0264361675,26.4361675,1.0,True,5.0,6.645263365745947
3D_gaa_AOS,20.0,0.5,10.0,5.0,12.0,0.0285414756,28.541475600000002,1.0,True,5.0,6.645263365745947
3D_gaa_AOS,20.0,0.5,10.0,5.0,15.0,0.030609755,30.609755,1.0,True,5.0,6.645263365745947
3D_gaa_AOS,20.0,0.5,10.0,10.0,5.0,0.0159493414,15.949341400000002,1.0,True,5.0,8.290526731491896
3D_gaa_AOS,20.0,0.5,10.0,10.0,8.0,0.0234200094,23.4200094,1.0,True,5.0,8.290526731491896
3D_gaa_AOS,20.0,0.5,10.0,10.0,10.0,0.0264361675,26.4361675,1.0,True,5.0,8.290526731491896
3D_gaa_AOS,20.0,0.5,10.0,10.0,12.0,0.0285414756,28.541475600000002,1.0,True,5.0,8.290526731491896
3D_gaa_AOS,20.0,0.5,10.0,10.0,15.0,0.030609755,30.609755,1.0,True,5.0,8.290526731491896
3D_gaa_AOS,20.0,0.5,10.0,15.0,5.0,0.0159493414,15.949341400000002,0.9999999999997113,True,5.0,9.935790097237843
3D_gaa_AOS,20.0,0.5,10.0,15.0,8.0,0.0234200094,23.4200094,1.0,True,5.0,9.935790097237843
3D_gaa_AOS,20.0,0.5,10.0,15.0,10.0,0.0264361675,26.4361675,1.0,True,5.0,9.935790097237843
3D_gaa_AOS,20.0,0.5,10.0,15.0,12.0,0.0285414756,28.541475600000002,1.0,True,5.0,9.935790097237843
3D_gaa_AOS,20.0,0.5,10.0,15.0,15.0,0.030609755,30.609755,1.0,True,5.0,9.935790097237843
3D_gaa_AOS,20.0,0.5,10.0,20.0,5.0,0.0159493414,15.949341400000002,0.9999999561674061,True,5.0,11.581053462983789
3D_gaa_AOS,20.0,0.5,10.0,20.0,8.0,0.0234200094,23.4200094,1.0,True,5.0,11.581053462983789
3D_gaa_AOS,20.0,0.5,10.0,20.0,10.0,0.0264361675,26.4361675,1.0,True,5.0,11.581053462983789
3D_gaa_AOS,20.0,0.5,10.0,20.0,12.0,0.0285414756,28.541475600000002,1.0,True,5.0,11.581053462983789
3D_gaa_AOS,20.0,0.5,10.0,20.0,15.0,0.030609755,30.609755,1.0,True,5.0,11.581053462983789
3D_gaa_AOS,20.0,0.5,20.0,5.0,5.0,0.0159493414,15.949341400000002,1.0,True,5.0,3.3226316828729736
3D_gaa_AOS,20.0,0.5,20.0,5.0,8.0,0.0234200094,23.4200094,1.0,True,5.0,3.3226316828729736
3D_gaa_AOS,20.0,0.5,20.0,5.0,10.0,0.0264361675,26.4361675,1.0,True,5.0,3.3226316828729736
3D_gaa_AOS,20.0,0.5,20.0,5.0,12.0,0.0285414756,28.541475600000002,1.0,True,5.0,3.3226316828729736
3D_gaa_AOS,20.0,0.5,20.0,5.0,15.0,0.030609755,30.609755,1.0,True,5.0,3.3226316828729736
3D_gaa_AOS,20.0,0.5,20.0,10.0,5.0,0.0159493414,15.949341400000002,1.0,True,5.0,4.145263365745948
3D_gaa_AOS,20.0,0.5,20.0,10.0,8.0,0.0234200094,23.4200094,1.0,True,5.0,4.145263365745948
3D_gaa_AOS,20.0,0.5,20.0,10.0,10.0,0.0264361675,26.4361675,1.0,True,5.0,4.145263365745948
3D_gaa_AOS,20.0,0.5,20.0,10.0,12.0,0.0285414756,28.541475600000002,1.0,True,5.0,4.145263365745948
3D_gaa_AOS,20.0,0.5,20.0,10.0,15.0,0.030609755,30.609755,1.0,True,5.0,4.145263365745948
3D_gaa_AOS,20.0,0.5,20.0,15.0,5.0,0.0159493414,15.949341400000002,1.0,True,5.0,4.967895048618922
3D_gaa_AOS,20.0,0.5,20.0,15.0,8.0,0.0234200094,23.4200094,1.0,True,5.0,4.967895048618922
3D_gaa_AOS,20.0,0.5,20.0,15.0,10.0,0.0264361675,26.4361675,1.0,True,5.0,4.967895048618922
3D_gaa_AOS,20.0,0.5,20.0,15.0,12.0,0.0285414756,28.541475600000002,1.0,True,5.0,4.967895048618922
3D_gaa_AOS,20.0,0.5,20.0,15.0,15.0,0.030609755,30.609755,1.0,True,5.0,4.967895048618922
3D_gaa_AOS,20.0,0.5,20.0,20.0,5.0,0.0159493414,15.949341400000002,1.0,True,5.0,5.7905267314918945
3D_gaa_AOS,20.0,0.5,20.0,20.0,8.0,0.0234200094,23.4200094,1.0,True,5.0,5.7905267314918945
3D_gaa_AOS,20.0,0.5,20.0,20.0,10.0,0.0264361675,26.4361675,1.0,True,5.0,5.7905267314918945
3D_gaa_AOS,20.0,0.5,20.0,20.0,12.0,0.0285414756,28.541475600000002,1.0,True,5.0,5.7905267314918945
3D_gaa_AOS,20.0,0.5,20.0,20.0,15.0,0.030609755,30.609755,1.0,True,5.0,5.7905267314918945
3D_gaa_Si,20.0,0.5,5.0,5.0,5.0,0.0290625107,29.062510699999997,1.0,True,5.0,13.290526731491894
3D_gaa_Si,20.0,0.5,5.0,5.0,8.0,0.0463657456,46.365745600000004,1.0,True,5.0,13.290526731491894
3D_gaa_Si,20.0,0.5,5.0,5.0,10.0,0.0542808981,54.2808981,1.0,True,5.0,13.290526731491894
3D_gaa_Si,20.0,0.5,5.0,5.0,12.0,0.0603480757,60.3480757,1.0,True,5.0,13.290526731491894
3D_gaa_Si,20.0,0.5,5.0,5.0,15.0,0.0671607909,67.16079090000001,1.0,True,5.0,13.290526731491894
3D_gaa_Si,20.0,0.5,5.0,10.0,5.0,0.0290625107,29.062510699999997,1.0,True,5.0,16.581053462983792
3D_gaa_Si,20.0,0.5,5.0,10.0,8.0,0.0463657456,46.365745600000004,1.0,True,5.0,16.581053462983792
3D_gaa_Si,20.0,0.5,5.0,10.0,10.0,0.0542808981,54.2808981,1.0,True,5.0,16.581053462983792
3D_gaa_Si,20.0,0.5,5.0,10.0,12.0,0.0603480757,60.3480757,1.0,True,5.0,16.581053462983792
3D_gaa_Si,20.0,0.5,5.0,10.0,15.0,0.0671607909,67.16079090000001,1.0,True,5.0,16.581053462983792
3D_gaa_Si,20.0,0.5,5.0,15.0,5.0,0.0290625107,29.062510699999997,0.9999999997904453,True,5.0,19.871580194475687
3D_gaa_Si,20.0,0.5,5.0,15.0,8.0,0.0463657456,46.365745600000004,1.0,True,5.0,19.871580194475687
3D_gaa_Si,20.0,0.5,5.0,15.0,10.0,0.0542808981,54.2808981,1.0,True,5.0,19.871580194475687
3D_gaa_Si,20.0,0.5,5.0,15.0,12.0,0.0603480757,60.3480757,1.0,True,5.0,19.871580194475687
3D_gaa_Si,20.0,0.5,5.0,15.0,15.0,0.0671607909,67.16079090000001,1.0,True,5.0,19.871580194475687
3D_gaa_Si,20.0,0.5,5.0,20.0,5.0,0.0290625107,29.062510699999997,0.9999981173336465,True,5.0,23.162106925967578
3D_gaa_Si,20.0,0.5,5.0,20.0,8.0,0.0463657456,46.365745600000004,1.0,True,5.0,23.162106925967578
3D_gaa_Si,20.0,0.5,5.0,20.0,10.0,0.0542808981,54.2808981,1.0,True,5.0,23.162106925967578
3D_gaa_Si,20.0,0.5,5.0,20.0,12.0,0.0603480757,60.3480757,1.0,True,5.0,23.162106925967578
3D_gaa_Si,20.0,0.5,5.0,20.0,15.0,0.0671607909,67.16079090000001,1.0,True,5.0,23.162106925967578
3D_gaa_Si,20.0,0.5,10.0,5.0,5.0,0.0290625107,29.062510699999997,1.0,True,5.0,6.645263365745947
3D_gaa_Si,20.0,0.5,10.0,5.0,8.0,0.0463657456,46.365745600000004,1.0,True,5.0,6.645263365745947
3D_gaa_Si,20.0,0.5,10.0,5.0,10.0,0.0542808981,54.2808981,1.0,True,5.0,6.645263365745947
3D_gaa_Si,20.0,0.5,10.0,5.0,12.0,0.0603480757,60.3480757,1.0,True,5.0,6.645263365745947
3D_gaa_Si,20.0,0.5,10.0,5.0,15.0,0.0671607909,67.16079090000001,1.0,True,5.0,6.645263365745947
3D_gaa_Si,20.0,0.5,10.0,10.0,5.0,0.0290625107,29.062510699999997,1.0,True,5.0,8.290526731491896
3D_gaa_Si,20.0,0.5,10.0,10.0,8.0,0.0463657456,46.365745600000004,1.0,True,5.0,8.290526731491896
3D_gaa_Si,20.0,0.5,10.0,10.0,10.0,0.0542808981,54.2808981,1.0,True,5.0,8.290526731491896
3D_gaa_Si,20.0,0.5,10.0,10.0,12.0,0.0603480757,60.3480757,1.0,True,5.0,8.290526731491896
3D_gaa_Si,20.0,0.5,10.0,10.0,15.0,0.0671607909,67.16079090000001,1.0,True,5.0,8.290526731491896
3D_gaa_Si,20.0,0.5,10.0,15.0,5.0,0.0290625107,29.062510699999997,1.0,True,5.0,9.935790097237843
3D_gaa_Si,20.0,0.5,10.0,15.0,8.0,0.0463657456,46.365745600000004,1.0,True,5.0,9.935790097237843
3D_gaa_Si,20.0,0.5,10.0,15.0,10.0,0.0542808981,54.2808981,1.0,True,5.0,9.935790097237843
3D_gaa_Si,20.0,0.5,10.0,15.0,12.0,0.0603480757,60.3480757,1.0,True,5.0,9.935790097237843
3D_gaa_Si,20.0,0.5,10.0,15.0,15.0,0.0671607909,67.16079090000001,1.0,True,5.0,9.935790097237843
3D_gaa_Si,20.0,0.5,10.0,20.0,5.0,0.0290625107,29.062510699999997,1.0,True,5.0,11.581053462983789
3D_gaa_Si,20.0,0.5,10.0,20.0,8.0,0.0463657456,46.365745600000004,1.0,True,5.0,11.581053462983789
3D_gaa_Si,20.0,0.5,10.0,20.0,10.0,0.0542808981,54.2808981,1.0,True,5.0,11.581053462983789
3D_gaa_Si,20.0,0.5,10.0,20.0,12.0,0.0603480757,60.3480757,1.0,True,5.0,11.581053462983789
3D_gaa_Si,20.0,0.5,10.0,20.0,15.0,0.0671607909,67.16079090000001,1.0,True,5.0,11.581053462983789
3D_gaa_Si,20.0,0.5,20.0,5.0,5.0,0.0290625107,29.062510699999997,1.0,True,5.0,3.3226316828729736
3D_gaa_Si,20.0,0.5,20.0,5.0,8.0,0.0463657456,46.365745600000004,1.0,True,5.0,3.3226316828729736
3D_gaa_Si,20.0,0.5,20.0,5.0,10.0,0.0542808981,54.2808981,1.0,True,5.0,3.3226316828729736
3D_gaa_Si,20.0,0.5,20.0,5.0,12.0,0.0603480757,60.3480757,1.0,True,5.0,3.3226316828729736
3D_gaa_Si,20.0,0.5,20.0,5.0,15.0,0.0671607909,67.16079090000001,1.0,True,5.0,3.3226316828729736
3D_gaa_Si,20.0,0.5,20.0,10.0,5.0,0.0290625107,29.062510699999997,1.0,True,5.0,4.145263365745948
3D_gaa_Si,20.0,0.5,20.0,10.0,8.0,0.0463657456,46.365745600000004,1.0,True,5.0,4.145263365745948
3D_gaa_Si,20.0,0.5,20.0,10.0,10.0,0.0542808981,54.2808981,1.0,True,5.0,4.145263365745948
3D_gaa_Si,20.0,0.5,20.0,10.0,12.0,0.0603480757,60.3480757,1.0,True,5.0,4.145263365745948
3D_gaa_Si,20.0,0.5,20.0,10.0,15.0,0.0671607909,67.16079090000001,1.0,True,5.0,4.145263365745948
3D_gaa_Si,20.0,0.5,20.0,15.0,5.0,0.0290625107,29.062510699999997,1.0,True,5.0,4.967895048618922
3D_gaa_Si,20.0,0.5,20.0,15.0,8.0,0.0463657456,46.365745600000004,1.0,True,5.0,4.967895048618922
3D_gaa_Si,20.0,0.5,20.0,15.0,10.0,0.0542808981,54.2808981,1.0,True,5.0,4.967895048618922
3D_gaa_Si,20.0,0.5,20.0,15.0,12.0,0.0603480757,60.3480757,1.0,True,5.0,4.967895048618922
3D_gaa_Si,20.0,0.5,20.0,15.0,15.0,0.0671607909,67.16079090000001,1.0,True,5.0,4.967895048618922
3D_gaa_Si,20.0,0.5,20.0,20.0,5.0,0.0290625107,29.062510699999997,1.0,True,5.0,5.7905267314918945
3D_gaa_Si,20.0,0.5,20.0,20.0,8.0,0.0463657456,46.365745600000004,1.0,True,5.0,5.7905267314918945
3D_gaa_Si,20.0,0.5,20.0,20.0,10.0,0.0542808981,54.2808981,1.0,True,5.0,5.7905267314918945
3D_gaa_Si,20.0,0.5,20.0,20.0,12.0,0.0603480757,60.3480757,1.0,True,5.0,5.7905267314918945
3D_gaa_Si,20.0,0.5,20.0,20.0,15.0,0.0671607909,67.16079090000001,1.0,True,5.0,5.7905267314918945
BCAT_125,20.0,0.5,5.0,5.0,5.0,0.00540743202,5.40743202,0.0,False,12.0,13.290526731491894
BCAT_125,20.0,0.5,5.0,5.0,8.0,0.0100874361,10.0874361,0.06967512440521294,False,12.0,13.290526731491894
BCAT_125,20.0,0.5,5.0,5.0,10.0,0.0128524207,12.8524207,0.9956612363560635,False,12.0,13.290526731491894
BCAT_125,20.0,0.5,5.0,5.0,12.0,0.0153667253,15.3667253,0.9999999198209713,True,12.0,13.290526731491894
BCAT_125,20.0,0.5,5.0,5.0,15.0,0.0187422565,18.7422565,1.0,True,12.0,13.290526731491894
BCAT_125,20.0,0.5,5.0,10.0,5.0,0.00540743202,5.40743202,0.0,False,15.0,16.581053462983792
BCAT_125,20.0,0.5,5.0,10.0,8.0,0.0100874361,10.0874361,0.034870848847430594,False,15.0,16.581053462983792
BCAT_125,20.0,0.5,5.0,10.0,10.0,0.0128524207,12.8524207,0.8461923670354832,False,15.0,16.581053462983792
BCAT_125,20.0,0.5,5.0,10.0,12.0,0.0153667253,15.3667253,0.9927114092901814,False,15.0,16.581053462983792
BCAT_125,20.0,0.5,5.0,10.0,15.0,0.0187422565,18.7422565,0.9999876393840825,True,15.0,16.581053462983792
BCAT_125,20.0,0.5,5.0,15.0,5.0,0.00540743202,5.40743202,0.0,False,,19.871580194475687
BCAT_125,20.0,0.5,5.0,15.0,8.0,0.0100874361,10.0874361,0.023251346217043868,False,,19.871580194475687
BCAT_125,20.0,0.5,5.0,15.0,10.0,0.0128524207,12.8524207,0.6582975907400777,False,,19.871580194475687
BCAT_125,20.0,0.5,5.0,15.0,12.0,0.0153667253,15.3667253,0.9263704365942678,False,,19.871580194475687
BCAT_125,20.0,0.5,5.0,15.0,15.0,0.0187422565,18.7422565,0.9964326781013465,False,,19.871580194475687
BCAT_125,20.0,0.5,5.0,20.0,5.0,0.00540743202,5.40743202,0.0,False,,23.162106925967578
BCAT_125,20.0,0.5,5.0,20.0,8.0,0.0100874361,10.0874361,0.017439589728646482,False,,23.162106925967578
BCAT_125,20.0,0.5,5.0,20.0,10.0,0.0128524207,12.8524207,0.5242193225381554,False,,23.162106925967578
BCAT_125,20.0,0.5,5.0,20.0,12.0,0.0153667253,15.3667253,0.820300655276664,False,,23.162106925967578
BCAT_125,20.0,0.5,5.0,20.0,15.0,0.0187422565,18.7422565,0.9711524903153191,False,,23.162106925967578
BCAT_125,20.0,0.5,10.0,5.0,5.0,0.00540743202,5.40743202,0.5848498610603557,False,8.0,6.645263365745947
BCAT_125,20.0,0.5,10.0,5.0,8.0,0.0100874361,10.0874361,1.0,True,8.0,6.645263365745947
BCAT_125,20.0,0.5,10.0,5.0,10.0,0.0128524207,12.8524207,1.0,True,8.0,6.645263365745947
BCAT_125,20.0,0.5,10.0,5.0,12.0,0.0153667253,15.3667253,1.0,True,8.0,6.645263365745947
BCAT_125,20.0,0.5,10.0,5.0,15.0,0.0187422565,18.7422565,1.0,True,8.0,6.645263365745947
BCAT_125,20.0,0.5,10.0,10.0,5.0,0.00540743202,5.40743202,0.3163092865449922,False,8.0,8.290526731491896
BCAT_125,20.0,0.5,10.0,10.0,8.0,0.0100874361,10.0874361,0.9999996370633876,True,8.0,8.290526731491896
BCAT_125,20.0,0.5,10.0,10.0,10.0,0.0128524207,12.8524207,0.9999999999999959,True,8.0,8.290526731491896
BCAT_125,20.0,0.5,10.0,10.0,12.0,0.0153667253,15.3667253,1.0,True,8.0,8.290526731491896
BCAT_125,20.0,0.5,10.0,10.0,15.0,0.0187422565,18.7422565,1.0,True,8.0,8.290526731491896
BCAT_125,20.0,0.5,10.0,15.0,5.0,0.00540743202,5.40743202,0.21408681591628248,False,8.0,9.935790097237843
BCAT_125,20.0,0.5,10.0,15.0,8.0,0.0100874361,10.0874361,0.9993052030110806,True,8.0,9.935790097237843
BCAT_125,20.0,0.5,10.0,15.0,10.0,0.0128524207,12.8524207,0.9999998349679068,True,8.0,9.935790097237843
BCAT_125,20.0,0.5,10.0,15.0,12.0,0.0153667253,15.3667253,0.9999999999951926,True,8.0,9.935790097237843
BCAT_125,20.0,0.5,10.0,15.0,15.0,0.0187422565,18.7422565,1.0,True,8.0,9.935790097237843
BCAT_125,20.0,0.5,10.0,20.0,5.0,0.00540743202,5.40743202,0.16142456962272445,False,10.0,11.581053462983789
BCAT_125,20.0,0.5,10.0,20.0,8.0,0.0100874361,10.0874361,0.9890320423229687,False,10.0,11.581053462983789
BCAT_125,20.0,0.5,10.0,20.0,10.0,0.0128524207,12.8524207,0.9999137053036412,True,10.0,11.581053462983789
BCAT_125,20.0,0.5,10.0,20.0,12.0,0.0153667253,15.3667253,0.999999782079275,True,10.0,11.581053462983789
BCAT_125,20.0,0.5,10.0,20.0,15.0,0.0187422565,18.7422565,0.9999999999936304,True,10.0,11.581053462983789
BCAT_125,20.0,0.5,20.0,5.0,5.0,0.00540743202,5.40743202,1.0,True,5.0,3.3226316828729736
BCAT_125,20.0,0.5,20.0,5.0,8.0,0.0100874361,10.0874361,1.0,True,5.0,3.3226316828729736
BCAT_125,20.0,0.5,20.0,5.0,10.0,0.0128524207,12.8524207,1.0,True,5.0,3.3226316828729736
BCAT_125,20.0,0.5,20.0,5.0,12.0,0.0153667253,15.3667253,1.0,True,5.0,3.3226316828729736
BCAT_125,20.0,0.5,20.0,5.0,15.0,0.0187422565,18.7422565,1.0,True,5.0,3.3226316828729736
BCAT_125,20.0,0.5,20.0,10.0,5.0,0.00540743202,5.40743202,0.9999999939316813,True,5.0,4.145263365745948
BCAT_125,20.0,0.5,20.0,10.0,8.0,0.0100874361,10.0874361,1.0,True,5.0,4.145263365745948
BCAT_125,20.0,0.5,20.0,10.0,10.0,0.0128524207,12.8524207,1.0,True,5.0,4.145263365745948
BCAT_125,20.0,0.5,20.0,10.0,12.0,0.0153667253,15.3667253,1.0,True,5.0,4.145263365745948
BCAT_125,20.0,0.5,20.0,10.0,15.0,0.0187422565,18.7422565,1.0,True,5.0,4.145263365745948
BCAT_125,20.0,0.5,20.0,15.0,5.0,0.00540743202,5.40743202,0.9998940632814873,True,5.0,4.967895048618922
BCAT_125,20.0,0.5,20.0,15.0,8.0,0.0100874361,10.0874361,1.0,True,5.0,4.967895048618922
BCAT_125,20.0,0.5,20.0,15.0,10.0,0.0128524207,12.8524207,1.0,True,5.0,4.967895048618922
BCAT_125,20.0,0.5,20.0,15.0,12.0,0.0153667253,15.3667253,1.0,True,5.0,4.967895048618922
BCAT_125,20.0,0.5,20.0,15.0,15.0,0.0187422565,18.7422565,1.0,True,5.0,4.967895048618922
BCAT_125,20.0,0.5,20.0,20.0,5.0,0.00540743202,5.40743202,0.9963559046069013,False,8.0,5.7905267314918945
BCAT_125,20.0,0.5,20.0,20.0,8.0,0.0100874361,10.0874361,0.9999999999999674,True,8.0,5.7905267314918945
BCAT_125,20.0,0.5,20.0,20.0,10.0,0.0128524207,12.8524207,1.0,True,8.0,5.7905267314918945
BCAT_125,20.0,0.5,20.0,20.0,12.0,0.0153667253,15.3667253,1.0,True,8.0,5.7905267314918945
BCAT_125,20.0,0.5,20.0,20.0,15.0,0.0187422565,18.7422565,1.0,True,8.0,5.7905267314918945
VCT_082,20.0,0.5,5.0,5.0,5.0,0.00866013245,8.66013245,0.0,False,8.0,13.290526731491894
VCT_082,20.0,0.5,5.0,5.0,8.0,0.01392031,13.92031,0.9999115648639442,True,8.0,13.290526731491894
VCT_082,20.0,0.5,5.0,5.0,10.0,0.0163988113,16.3988113,0.9999999998434088,True,8.0,13.290526731491894
VCT_082,20.0,0.5,5.0,5.0,12.0,0.0183492752,18.3492752,0.9999999999999999,True,8.0,13.290526731491894
VCT_082,20.0,0.5,5.0,5.0,15.0,0.0206255843,20.6255843,1.0,True,8.0,13.290526731491894
VCT_082,20.0,0.5,5.0,10.0,5.0,0.00866013245,8.66013245,0.0,False,12.0,16.581053462983792
VCT_082,20.0,0.5,5.0,10.0,8.0,0.01392031,13.92031,0.9500223236445829,False,12.0,16.581053462983792
VCT_082,20.0,0.5,5.0,10.0,10.0,0.0163988113,16.3988113,0.998622887461993,False,12.0,16.581053462983792
VCT_082,20.0,0.5,5.0,10.0,12.0,0.0183492752,18.3492752,0.9999701539218417,True,12.0,16.581053462983792
VCT_082,20.0,0.5,5.0,10.0,15.0,0.0206255843,20.6255843,0.9999998920418488,True,12.0,16.581053462983792
VCT_082,20.0,0.5,5.0,15.0,5.0,0.00866013245,8.66013245,0.0,False,15.0,19.871580194475687
VCT_082,20.0,0.5,5.0,15.0,8.0,0.01392031,13.92031,0.8087091632305761,False,15.0,19.871580194475687
VCT_082,20.0,0.5,5.0,15.0,10.0,0.0163988113,16.3988113,0.9670701135892439,False,15.0,19.871580194475687
VCT_082,20.0,0.5,5.0,15.0,12.0,0.0183492752,18.3492752,0.9946156419904371,False,15.0,19.871580194475687
VCT_082,20.0,0.5,5.0,15.0,15.0,0.0206255843,20.6255843,0.9996026858714808,True,15.0,19.871580194475687
VCT_082,20.0,0.5,5.0,20.0,5.0,0.00866013245,8.66013245,0.0,False,,23.162106925967578
VCT_082,20.0,0.5,5.0,20.0,8.0,0.01392031,13.92031,0.6729521353629,False,,23.162106925967578
VCT_082,20.0,0.5,5.0,20.0,10.0,0.0163988113,16.3988113,0.8903354751280792,False,,23.162106925967578
VCT_082,20.0,0.5,5.0,20.0,12.0,0.0183492752,18.3492752,0.9631406735197723,False,,23.162106925967578
VCT_082,20.0,0.5,5.0,20.0,15.0,0.0206255843,20.6255843,0.9921019209440927,False,,23.162106925967578
VCT_082,20.0,0.5,10.0,5.0,5.0,0.00866013245,8.66013245,0.9999999999997525,True,5.0,6.645263365745947
VCT_082,20.0,0.5,10.0,5.0,8.0,0.01392031,13.92031,1.0,True,5.0,6.645263365745947
VCT_082,20.0,0.5,10.0,5.0,10.0,0.0163988113,16.3988113,1.0,True,5.0,6.645263365745947
VCT_082,20.0,0.5,10.0,5.0,12.0,0.0183492752,18.3492752,1.0,True,5.0,6.645263365745947
VCT_082,20.0,0.5,10.0,5.0,15.0,0.0206255843,20.6255843,1.0,True,5.0,6.645263365745947
VCT_082,20.0,0.5,10.0,10.0,5.0,0.00866013245,8.66013245,0.9997479150891612,True,5.0,8.290526731491896
VCT_082,20.0,0.5,10.0,10.0,8.0,0.01392031,13.92031,1.0,True,5.0,8.290526731491896
VCT_082,20.0,0.5,10.0,10.0,10.0,0.0163988113,16.3988113,1.0,True,5.0,8.290526731491896
VCT_082,20.0,0.5,10.0,10.0,12.0,0.0183492752,18.3492752,1.0,True,5.0,8.290526731491896
VCT_082,20.0,0.5,10.0,10.0,15.0,0.0206255843,20.6255843,1.0,True,5.0,8.290526731491896
VCT_082,20.0,0.5,10.0,15.0,5.0,0.00866013245,8.66013245,0.9853163276902147,False,8.0,9.935790097237843
VCT_082,20.0,0.5,10.0,15.0,8.0,0.01392031,13.92031,0.9999999972668726,True,8.0,9.935790097237843
VCT_082,20.0,0.5,10.0,15.0,10.0,0.0163988113,16.3988113,0.9999999999999702,True,8.0,9.935790097237843
VCT_082,20.0,0.5,10.0,15.0,12.0,0.0183492752,18.3492752,1.0,True,8.0,9.935790097237843
VCT_082,20.0,0.5,10.0,15.0,15.0,0.0206255843,20.6255843,1.0,True,8.0,9.935790097237843
VCT_082,20.0,0.5,10.0,20.0,5.0,0.00866013245,8.66013245,0.9327599633521466,False,8.0,11.581053462983789
VCT_082,20.0,0.5,10.0,20.0,8.0,0.01392031,13.92031,0.9999918099600784,True,8.0,11.581053462983789
VCT_082,20.0,0.5,10.0,20.0,10.0,0.0163988113,16.3988113,0.999999987977416,True,8.0,11.581053462983789
VCT_082,20.0,0.5,10.0,20.0,12.0,0.0183492752,18.3492752,0.9999999999752156,True,8.0,11.581053462983789
VCT_082,20.0,0.5,10.0,20.0,15.0,0.0206255843,20.6255843,0.9999999999999944,True,8.0,11.581053462983789
VCT_082,20.0,0.5,20.0,5.0,5.0,0.00866013245,8.66013245,1.0,True,5.0,3.3226316828729736
VCT_082,20.0,0.5,20.0,5.0,8.0,0.01392031,13.92031,1.0,True,5.0,3.3226316828729736
VCT_082,20.0,0.5,20.0,5.0,10.0,0.0163988113,16.3988113,1.0,True,5.0,3.3226316828729736
VCT_082,20.0,0.5,20.0,5.0,12.0,0.0183492752,18.3492752,1.0,True,5.0,3.3226316828729736
VCT_082,20.0,0.5,20.0,5.0,15.0,0.0206255843,20.6255843,1.0,True,5.0,3.3226316828729736
VCT_082,20.0,0.5,20.0,10.0,5.0,0.00866013245,8.66013245,1.0,True,5.0,4.145263365745948
VCT_082,20.0,0.5,20.0,10.0,8.0,0.01392031,13.92031,1.0,True,5.0,4.145263365745948
VCT_082,20.0,0.5,20.0,10.0,10.0,0.0163988113,16.3988113,1.0,True,5.0,4.145263365745948
VCT_082,20.0,0.5,20.0,10.0,12.0,0.0183492752,18.3492752,1.0,True,5.0,4.145263365745948
VCT_082,20.0,0.5,20.0,10.0,15.0,0.0206255843,20.6255843,1.0,True,5.0,4.145263365745948
VCT_082,20.0,0.5,20.0,15.0,5.0,0.00866013245,8.66013245,0.9999999999999998,True,5.0,4.967895048618922
VCT_082,20.0,0.5,20.0,15.0,8.0,0.01392031,13.92031,1.0,True,5.0,4.967895048618922
VCT_082,20.0,0.5,20.0,15.0,10.0,0.0163988113,16.3988113,1.0,True,5.0,4.967895048618922
VCT_082,20.0,0.5,20.0,15.0,12.0,0.0183492752,18.3492752,1.0,True,5.0,4.967895048618922
VCT_082,20.0,0.5,20.0,15.0,15.0,0.0206255843,20.6255843,1.0,True,5.0,4.967895048618922
VCT_082,20.0,0.5,20.0,20.0,5.0,0.00866013245,8.66013245,0.9999999992731587,True,5.0,5.7905267314918945
VCT_082,20.0,0.5,20.0,20.0,8.0,0.01392031,13.92031,1.0,True,5.0,5.7905267314918945
VCT_082,20.0,0.5,20.0,20.0,10.0,0.0163988113,16.3988113,1.0,True,5.0,5.7905267314918945
VCT_082,20.0,0.5,20.0,20.0,12.0,0.0183492752,18.3492752,1.0,True,5.0,5.7905267314918945
VCT_082,20.0,0.5,20.0,20.0,15.0,0.0206255843,20.6255843,1.0,True,5.0,5.7905267314918945
VCT_091,20.0,0.5,5.0,5.0,5.0,0.00895900213,8.95900213,0.0,False,8.0,13.290526731491894
VCT_091,20.0,0.5,5.0,5.0,8.0,0.0142925648,14.2925648,0.9999823379019335,True,8.0,13.290526731491894
VCT_091,20.0,0.5,5.0,5.0,10.0,0.0167760784,16.776078400000003,0.9999999999876519,True,8.0,13.290526731491894
VCT_091,20.0,0.5,5.0,5.0,12.0,0.0187264964,18.726496400000002,1.0,True,8.0,13.290526731491894
VCT_091,20.0,0.5,5.0,5.0,15.0,0.02098564,20.98564,1.0,True,8.0,13.290526731491894
VCT_091,20.0,0.5,5.0,10.0,5.0,0.00895900213,8.95900213,0.0,False,10.0,16.581053462983792
VCT_091,20.0,0.5,5.0,10.0,8.0,0.0142925648,14.2925648,0.9681495450955625,False,10.0,16.581053462983792
VCT_091,20.0,0.5,5.0,10.0,10.0,0.0167760784,16.776078400000003,0.9992960579718279,True,10.0,16.581053462983792
VCT_091,20.0,0.5,5.0,10.0,12.0,0.0187264964,18.726496400000002,0.9999871854582973,True,10.0,16.581053462983792
VCT_091,20.0,0.5,5.0,10.0,15.0,0.02098564,20.98564,0.9999999604434089,True,10.0,16.581053462983792
VCT_091,20.0,0.5,5.0,15.0,5.0,0.00895900213,8.95900213,0.0,False,15.0,19.871580194475687
VCT_091,20.0,0.5,5.0,15.0,8.0,0.0142925648,14.2925648,0.8475282046138981,False,15.0,19.871580194475687
VCT_091,20.0,0.5,5.0,15.0,10.0,0.0167760784,16.776078400000003,0.9760974993445075,False,15.0,19.871580194475687
VCT_091,20.0,0.5,5.0,15.0,12.0,0.0187264964,18.726496400000002,0.9963721840252748,False,15.0,19.871580194475687
VCT_091,20.0,0.5,5.0,15.0,15.0,0.02098564,20.98564,0.9997496288615599,True,15.0,19.871580194475687
VCT_091,20.0,0.5,5.0,20.0,5.0,0.00895900213,8.95900213,0.0,False,,23.162106925967578
VCT_091,20.0,0.5,5.0,20.0,8.0,0.0142925648,14.2925648,0.7167922320199775,False,,23.162106925967578
VCT_091,20.0,0.5,5.0,20.0,10.0,0.0167760784,16.776078400000003,0.9097384413466125,False,,23.162106925967578
VCT_091,20.0,0.5,5.0,20.0,12.0,0.0187264964,18.726496400000002,0.970862713272907,False,,23.162106925967578
VCT_091,20.0,0.5,5.0,20.0,15.0,0.02098564,20.98564,0.9939748585326296,False,,23.162106925967578
VCT_091,20.0,0.5,10.0,5.0,5.0,0.00895900213,8.95900213,0.9999999999999976,True,5.0,6.645263365745947
VCT_091,20.0,0.5,10.0,5.0,8.0,0.0142925648,14.2925648,1.0,True,5.0,6.645263365745947
VCT_091,20.0,0.5,10.0,5.0,10.0,0.0167760784,16.776078400000003,1.0,True,5.0,6.645263365745947
VCT_091,20.0,0.5,10.0,5.0,12.0,0.0187264964,18.726496400000002,1.0,True,5.0,6.645263365745947
VCT_091,20.0,0.5,10.0,5.0,15.0,0.02098564,20.98564,1.0,True,5.0,6.645263365745947
VCT_091,20.0,0.5,10.0,10.0,5.0,0.00895900213,8.95900213,0.9999247364343081,True,5.0,8.290526731491896
VCT_091,20.0,0.5,10.0,10.0,8.0,0.0142925648,14.2925648,1.0,True,5.0,8.290526731491896
VCT_091,20.0,0.5,10.0,10.0,10.0,0.0167760784,16.776078400000003,1.0,True,5.0,8.290526731491896
VCT_091,20.0,0.5,10.0,10.0,12.0,0.0187264964,18.726496400000002,1.0,True,5.0,8.290526731491896
VCT_091,20.0,0.5,10.0,10.0,15.0,0.02098564,20.98564,1.0,True,5.0,8.290526731491896
VCT_091,20.0,0.5,10.0,15.0,5.0,0.00895900213,8.95900213,0.9916931090159087,False,8.0,9.935790097237843
VCT_091,20.0,0.5,10.0,15.0,8.0,0.0142925648,14.2925648,0.9999999994173095,True,8.0,9.935790097237843
VCT_091,20.0,0.5,10.0,15.0,10.0,0.0167760784,16.776078400000003,0.9999999999999959,True,8.0,9.935790097237843
VCT_091,20.0,0.5,10.0,15.0,12.0,0.0187264964,18.726496400000002,1.0,True,8.0,9.935790097237843
VCT_091,20.0,0.5,10.0,15.0,15.0,0.02098564,20.98564,1.0,True,8.0,9.935790097237843
VCT_091,20.0,0.5,10.0,20.0,5.0,0.00895900213,8.95900213,0.9522403801460697,False,8.0,11.581053462983789
VCT_091,20.0,0.5,10.0,20.0,8.0,0.0142925648,14.2925648,0.9999966202972903,True,8.0,11.581053462983789
VCT_091,20.0,0.5,10.0,20.0,10.0,0.0167760784,16.776078400000003,0.9999999960919557,True,8.0,11.581053462983789
VCT_091,20.0,0.5,10.0,20.0,12.0,0.0187264964,18.726496400000002,0.9999999999932688,True,8.0,11.581053462983789
VCT_091,20.0,0.5,10.0,20.0,15.0,0.02098564,20.98564,0.9999999999999987,True,8.0,11.581053462983789
VCT_091,20.0,0.5,20.0,5.0,5.0,0.00895900213,8.95900213,1.0,True,5.0,3.3226316828729736
VCT_091,20.0,0.5,20.0,5.0,8.0,0.0142925648,14.2925648,1.0,True,5.0,3.3226316828729736
VCT_091,20.0,0.5,20.0,5.0,10.0,0.0167760784,16.776078400000003,1.0,True,5.0,3.3226316828729736
VCT_091,20.0,0.5,20.0,5.0,12.0,0.0187264964,18.726496400000002,1.0,True,5.0,3.3226316828729736
VCT_091,20.0,0.5,20.0,5.0,15.0,0.02098564,20.98564,1.0,True,5.0,3.3226316828729736
VCT_091,20.0,0.5,20.0,10.0,5.0,0.00895900213,8.95900213,1.0,True,5.0,4.145263365745948
VCT_091,20.0,0.5,20.0,10.0,8.0,0.0142925648,14.2925648,1.0,True,5.0,4.145263365745948
VCT_091,20.0,0.5,20.0,10.0,10.0,0.0167760784,16.776078400000003,1.0,True,5.0,4.145263365745948
VCT_091,20.0,0.5,20.0,10.0,12.0,0.0187264964,18.726496400000002,1.0,True,5.0,4.145263365745948
VCT_091,20.0,0.5,20.0,10.0,15.0,0.02098564,20.98564,1.0,True,5.0,4.145263365745948
VCT_091,20.0,0.5,20.0,15.0,5.0,0.00895900213,8.95900213,1.0,True,5.0,4.967895048618922
VCT_091,20.0,0.5,20.0,15.0,8.0,0.0142925648,14.2925648,1.0,True,5.0,4.967895048618922
VCT_091,20.0,0.5,20.0,15.0,10.0,0.0167760784,16.776078400000003,1.0,True,5.0,4.967895048618922
VCT_091,20.0,0.5,20.0,15.0,12.0,0.0187264964,18.726496400000002,1.0,True,5.0,4.967895048618922
VCT_091,20.0,0.5,20.0,15.0,15.0,0.02098564,20.98564,1.0,True,5.0,4.967895048618922
VCT_091,20.0,0.5,20.0,20.0,5.0,0.00895900213,8.95900213,0.9999999998946044,True,5.0,5.7905267314918945
VCT_091,20.0,0.5,20.0,20.0,8.0,0.0142925648,14.2925648,1.0,True,5.0,5.7905267314918945
VCT_091,20.0,0.5,20.0,20.0,10.0,0.0167760784,16.776078400000003,1.0,True,5.0,5.7905267314918945
VCT_091,20.0,0.5,20.0,20.0,12.0,0.0187264964,18.726496400000002,1.0,True,5.0,5.7905267314918945
VCT_091,20.0,0.5,20.0,20.0,15.0,0.02098564,20.98564,1.0,True,5.0,5.7905267314918945
VCT_102,20.0,0.5,5.0,5.0,5.0,0.00934960598,9.34960598,0.0,False,8.0,13.290526731491894
VCT_102,20.0,0.5,5.0,5.0,8.0,0.0147647927,14.7647927,0.9999981095209335,True,8.0,13.290526731491894
VCT_102,20.0,0.5,5.0,5.0,10.0,0.0172493955,17.249395500000002,0.9999999999995813,True,8.0,13.290526731491894
VCT_102,20.0,0.5,5.0,5.0,12.0,0.0191926695,19.192669499999997,1.0,True,8.0,13.290526731491894
VCT_102,20.0,0.5,5.0,5.0,15.0,0.0214284374,21.4284374,1.0,True,8.0,13.290526731491894
VCT_102,20.0,0.5,5.0,10.0,5.0,0.00934960598,9.34960598,0.0,False,10.0,16.581053462983792
VCT_102,20.0,0.5,5.0,10.0,8.0,0.0147647927,14.7647927,0.9827996266422412,False,10.0,16.581053462983792
VCT_102,20.0,0.5,5.0,10.0,10.0,0.0172493955,17.249395500000002,0.9997107004103448,True,10.0,16.581053462983792
VCT_102,20.0,0.5,5.0,10.0,12.0,0.0191926695,19.192669499999997,0.9999957001230398,True,10.0,16.581053462983792
VCT_102,20.0,0.5,5.0,10.0,15.0,0.0214284374,21.4284374,0.9999999889790812,True,10.0,16.581053462983792
VCT_102,20.0,0.5,5.0,15.0,5.0,0.00934960598,9.34960598,0.0,False,15.0,19.871580194475687
VCT_102,20.0,0.5,5.0,15.0,8.0,0.0147647927,14.7647927,0.8877733983427485,False,15.0,19.871580194475687
VCT_102,20.0,0.5,5.0,15.0,10.0,0.0172493955,17.249395500000002,0.9843279743295477,False,15.0,19.871580194475687
VCT_102,20.0,0.5,5.0,15.0,12.0,0.0191926695,19.192669499999997,0.9978176395265494,False,15.0,19.871580194475687
VCT_102,20.0,0.5,5.0,15.0,15.0,0.0214284374,21.4284374,0.9998607401414937,True,15.0,19.871580194475687
VCT_102,20.0,0.5,5.0,20.0,5.0,0.00934960598,9.34960598,0.0,False,,23.162106925967578
VCT_102,20.0,0.5,5.0,20.0,8.0,0.0147647927,14.7647927,0.7664242041641789,False,,23.162106925967578
VCT_102,20.0,0.5,5.0,20.0,10.0,0.0172493955,17.249395500000002,0.9300676929207303,False,,23.162106925967578
VCT_102,20.0,0.5,5.0,20.0,12.0,0.0191926695,19.192669499999997,0.9784477352175482,False,,23.162106925967578
VCT_102,20.0,0.5,5.0,20.0,15.0,0.0214284374,21.4284374,0.995724814737359,False,,23.162106925967578
VCT_102,20.0,0.5,10.0,5.0,5.0,0.00934960598,9.34960598,1.0,True,5.0,6.645263365745947
VCT_102,20.0,0.5,10.0,5.0,8.0,0.0147647927,14.7647927,1.0,True,5.0,6.645263365745947
VCT_102,20.0,0.5,10.0,5.0,10.0,0.0172493955,17.249395500000002,1.0,True,5.0,6.645263365745947
VCT_102,20.0,0.5,10.0,5.0,12.0,0.0191926695,19.192669499999997,1.0,True,5.0,6.645263365745947
VCT_102,20.0,0.5,10.0,5.0,15.0,0.0214284374,21.4284374,1.0,True,5.0,6.645263365745947
VCT_102,20.0,0.5,10.0,10.0,5.0,0.00934960598,9.34960598,0.9999863617639559,True,5.0,8.290526731491896
VCT_102,20.0,0.5,10.0,10.0,8.0,0.0147647927,14.7647927,1.0,True,5.0,8.290526731491896
VCT_102,20.0,0.5,10.0,10.0,10.0,0.0172493955,17.249395500000002,1.0,True,5.0,8.290526731491896
VCT_102,20.0,0.5,10.0,10.0,12.0,0.0191926695,19.192669499999997,1.0,True,5.0,8.290526731491896
VCT_102,20.0,0.5,10.0,10.0,15.0,0.0214284374,21.4284374,1.0,True,5.0,8.290526731491896
VCT_102,20.0,0.5,10.0,15.0,5.0,0.00934960598,9.34960598,0.9962652449854181,False,8.0,9.935790097237843
VCT_102,20.0,0.5,10.0,15.0,8.0,0.0147647927,14.7647927,0.9999999999247801,True,8.0,9.935790097237843
VCT_102,20.0,0.5,10.0,15.0,10.0,0.0172493955,17.249395500000002,0.9999999999999997,True,8.0,9.935790097237843
VCT_102,20.0,0.5,10.0,15.0,12.0,0.0191926695,19.192669499999997,1.0,True,8.0,9.935790097237843
VCT_102,20.0,0.5,10.0,15.0,15.0,0.0214284374,21.4284374,1.0,True,8.0,9.935790097237843
VCT_102,20.0,0.5,10.0,20.0,5.0,0.00934960598,9.34960598,0.9703551170589014,False,8.0,11.581053462983789
VCT_102,20.0,0.5,10.0,20.0,8.0,0.0147647927,14.7647927,0.9999989519566869,True,8.0,11.581053462983789
VCT_102,20.0,0.5,10.0,20.0,10.0,0.0172493955,17.249395500000002,0.9999999990914409,True,8.0,11.581053462983789
VCT_102,20.0,0.5,10.0,20.0,12.0,0.0191926695,19.192669499999997,0.9999999999987189,True,8.0,11.581053462983789
VCT_102,20.0,0.5,10.0,20.0,15.0,0.0214284374,21.4284374,0.9999999999999998,True,8.0,11.581053462983789
VCT_102,20.0,0.5,20.0,5.0,5.0,0.00934960598,9.34960598,1.0,True,5.0,3.3226316828729736
VCT_102,20.0,0.5,20.0,5.0,8.0,0.0147647927,14.7647927,1.0,True,5.0,3.3226316828729736
VCT_102,20.0,0.5,20.0,5.0,10.0,0.0172493955,17.249395500000002,1.0,True,5.0,3.3226316828729736
VCT_102,20.0,0.5,20.0,5.0,12.0,0.0191926695,19.192669499999997,1.0,True,5.0,3.3226316828729736
VCT_102,20.0,0.5,20.0,5.0,15.0,0.0214284374,21.4284374,1.0,True,5.0,3.3226316828729736
VCT_102,20.0,0.5,20.0,10.0,5.0,0.00934960598,9.34960598,1.0,True,5.0,4.145263365745948
VCT_102,20.0,0.5,20.0,10.0,8.0,0.0147647927,14.7647927,1.0,True,5.0,4.145263365745948
VCT_102,20.0,0.5,20.0,10.0,10.0,0.0172493955,17.249395500000002,1.0,True,5.0,4.145263365745948
VCT_102,20.0,0.5,20.0,10.0,12.0,0.0191926695,19.192669499999997,1.0,True,5.0,4.145263365745948
VCT_102,20.0,0.5,20.0,10.0,15.0,0.0214284374,21.4284374,1.0,True,5.0,4.145263365745948
VCT_102,20.0,0.5,20.0,15.0,5.0,0.00934960598,9.34960598,1.0,True,5.0,4.967895048618922
VCT_102,20.0,0.5,20.0,15.0,8.0,0.0147647927,14.7647927,1.0,True,5.0,4.967895048618922
VCT_102,20.0,0.5,20.0,15.0,10.0,0.0172493955,17.249395500000002,1.0,True,5.0,4.967895048618922
VCT_102,20.0,0.5,20.0,15.0,12.0,0.0191926695,19.192669499999997,1.0,True,5.0,4.967895048618922
VCT_102,20.0,0.5,20.0,15.0,15.0,0.0214284374,21.4284374,1.0,True,5.0,4.967895048618922
VCT_102,20.0,0.5,20.0,20.0,5.0,0.00934960598,9.34960598,0.9999999999925946,True,5.0,5.7905267314918945
VCT_102,20.0,0.5,20.0,20.0,8.0,0.0147647927,14.7647927,1.0,True,5.0,5.7905267314918945
VCT_102,20.0,0.5,20.0,20.0,10.0,0.0172493955,17.249395500000002,1.0,True,5.0,5.7905267314918945
VCT_102,20.0,0.5,20.0,20.0,12.0,0.0191926695,19.192669499999997,1.0,True,5.0,5.7905267314918945
VCT_102,20.0,0.5,20.0,20.0,15.0,0.0214284374,21.4284374,1.0,True,5.0,5.7905267314918945
VCT_125,20.0,0.5,5.0,5.0,5.0,0.0126337286,12.6337286,0.9915547036404072,False,8.0,13.290526731491894
VCT_125,20.0,0.5,5.0,5.0,8.0,0.0194232426,19.423242600000002,1.0,True,8.0,13.290526731491894
VCT_125,20.0,0.5,5.0,5.0,10.0,0.0223904995,22.3904995,1.0,True,8.0,13.290526731491894
VCT_125,20.0,0.5,5.0,5.0,12.0,0.0246427696,24.6427696,1.0,True,8.0,13.290526731491894
VCT_125,20.0,0.5,5.0,5.0,15.0,0.0271573596,27.1573596,1.0,True,8.0,13.290526731491894
VCT_125,20.0,0.5,5.0,10.0,5.0,0.0126337286,12.6337286,0.8121158850935968,False,8.0,16.581053462983792
VCT_125,20.0,0.5,5.0,10.0,8.0,0.0194232426,19.423242600000002,0.9999975424625235,True,8.0,16.581053462983792
VCT_125,20.0,0.5,5.0,10.0,10.0,0.0223904995,22.3904995,0.9999999994180732,True,8.0,16.581053462983792
VCT_125,20.0,0.5,5.0,10.0,12.0,0.0246427696,24.6427696,0.9999999999997545,True,8.0,16.581053462983792
VCT_125,20.0,0.5,5.0,10.0,15.0,0.0271573596,27.1573596,1.0,True,8.0,16.581053462983792
VCT_125,20.0,0.5,5.0,15.0,5.0,0.0126337286,12.6337286,0.6200071847783901,False,10.0,19.871580194475687
VCT_125,20.0,0.5,5.0,15.0,8.0,0.0194232426,19.423242600000002,0.9983167445182564,False,10.0,19.871580194475687
VCT_125,20.0,0.5,5.0,15.0,10.0,0.0223904995,22.3904995,0.9999637499396773,True,10.0,19.871580194475687
VCT_125,20.0,0.5,5.0,15.0,12.0,0.0246427696,24.6427696,0.9999989440963996,True,10.0,19.871580194475687
VCT_125,20.0,0.5,5.0,15.0,15.0,0.0271573596,27.1573596,0.999999989292276,True,10.0,19.871580194475687
VCT_125,20.0,0.5,5.0,20.0,5.0,0.0126337286,12.6337286,0.48973951769729973,False,12.0,23.162106925967578
VCT_125,20.0,0.5,5.0,20.0,8.0,0.0194232426,19.423242600000002,0.9815176639444195,False,12.0,23.162106925967578
VCT_125,20.0,0.5,5.0,20.0,10.0,0.0223904995,22.3904995,0.9980492181111347,False,12.0,23.162106925967578
VCT_125,20.0,0.5,5.0,20.0,12.0,0.0246427696,24.6427696,0.9997484654103138,True,12.0,23.162106925967578
VCT_125,20.0,0.5,5.0,20.0,15.0,0.0271573596,27.1573596,0.9999820795060973,True,12.0,23.162106925967578
VCT_125,20.0,0.5,10.0,5.0,5.0,0.0126337286,12.6337286,1.0,True,5.0,6.645263365745947
VCT_125,20.0,0.5,10.0,5.0,8.0,0.0194232426,19.423242600000002,1.0,True,5.0,6.645263365745947
VCT_125,20.0,0.5,10.0,5.0,10.0,0.0223904995,22.3904995,1.0,True,5.0,6.645263365745947
VCT_125,20.0,0.5,10.0,5.0,12.0,0.0246427696,24.6427696,1.0,True,5.0,6.645263365745947
VCT_125,20.0,0.5,10.0,5.0,15.0,0.0271573596,27.1573596,1.0,True,5.0,6.645263365745947
VCT_125,20.0,0.5,10.0,10.0,5.0,0.0126337286,12.6337286,0.9999999999999772,True,5.0,8.290526731491896
VCT_125,20.0,0.5,10.0,10.0,8.0,0.0194232426,19.423242600000002,1.0,True,5.0,8.290526731491896
VCT_125,20.0,0.5,10.0,10.0,10.0,0.0223904995,22.3904995,1.0,True,5.0,8.290526731491896
VCT_125,20.0,0.5,10.0,10.0,12.0,0.0246427696,24.6427696,1.0,True,5.0,8.290526731491896
VCT_125,20.0,0.5,10.0,10.0,15.0,0.0271573596,27.1573596,1.0,True,5.0,8.290526731491896
VCT_125,20.0,0.5,10.0,15.0,5.0,0.0126337286,12.6337286,0.9999996403325175,True,5.0,9.935790097237843
VCT_125,20.0,0.5,10.0,15.0,8.0,0.0194232426,19.423242600000002,1.0,True,5.0,9.935790097237843
VCT_125,20.0,0.5,10.0,15.0,10.0,0.0223904995,22.3904995,1.0,True,5.0,9.935790097237843
VCT_125,20.0,0.5,10.0,15.0,12.0,0.0246427696,24.6427696,1.0,True,5.0,9.935790097237843
VCT_125,20.0,0.5,10.0,15.0,15.0,0.0271573596,27.1573596,1.0,True,5.0,9.935790097237843
VCT_125,20.0,0.5,10.0,20.0,5.0,0.0126337286,12.6337286,0.9998648415436736,True,5.0,11.581053462983789
VCT_125,20.0,0.5,10.0,20.0,8.0,0.0194232426,19.423242600000002,0.9999999999994471,True,5.0,11.581053462983789
VCT_125,20.0,0.5,10.0,20.0,10.0,0.0223904995,22.3904995,1.0,True,5.0,11.581053462983789
VCT_125,20.0,0.5,10.0,20.0,12.0,0.0246427696,24.6427696,1.0,True,5.0,11.581053462983789
VCT_125,20.0,0.5,10.0,20.0,15.0,0.0271573596,27.1573596,1.0,True,5.0,11.581053462983789
VCT_125,20.0,0.5,20.0,5.0,5.0,0.0126337286,12.6337286,1.0,True,5.0,3.3226316828729736
VCT_125,20.0,0.5,20.0,5.0,8.0,0.0194232426,19.423242600000002,1.0,True,5.0,3.3226316828729736
VCT_125,20.0,0.5,20.0,5.0,10.0,0.0223904995,22.3904995,1.0,True,5.0,3.3226316828729736
VCT_125,20.0,0.5,20.0,5.0,12.0,0.0246427696,24.6427696,1.0,True,5.0,3.3226316828729736
VCT_125,20.0,0.5,20.0,5.0,15.0,0.0271573596,27.1573596,1.0,True,5.0,3.3226316828729736
VCT_125,20.0,0.5,20.0,10.0,5.0,0.0126337286,12.6337286,1.0,True,5.0,4.145263365745948
VCT_125,20.0,0.5,20.0,10.0,8.0,0.0194232426,19.423242600000002,1.0,True,5.0,4.145263365745948
VCT_125,20.0,0.5,20.0,10.0,10.0,0.0223904995,22.3904995,1.0,True,5.0,4.145263365745948
VCT_125,20.0,0.5,20.0,10.0,12.0,0.0246427696,24.6427696,1.0,True,5.0,4.145263365745948
VCT_125,20.0,0.5,20.0,10.0,15.0,0.0271573596,27.1573596,1.0,True,5.0,4.145263365745948
VCT_125,20.0,0.5,20.0,15.0,5.0,0.0126337286,12.6337286,1.0,True,5.0,4.967895048618922
VCT_125,20.0,0.5,20.0,15.0,8.0,0.0194232426,19.423242600000002,1.0,True,5.0,4.967895048618922
VCT_125,20.0,0.5,20.0,15.0,10.0,0.0223904995,22.3904995,1.0,True,5.0,4.967895048618922
VCT_125,20.0,0.5,20.0,15.0,12.0,0.0246427696,24.6427696,1.0,True,5.0,4.967895048618922
VCT_125,20.0,0.5,20.0,15.0,15.0,0.0271573596,27.1573596,1.0,True,5.0,4.967895048618922
VCT_125,20.0,0.5,20.0,20.0,5.0,0.0126337286,12.6337286,1.0,True,5.0,5.7905267314918945
VCT_125,20.0,0.5,20.0,20.0,8.0,0.0194232426,19.423242600000002,1.0,True,5.0,5.7905267314918945
VCT_125,20.0,0.5,20.0,20.0,10.0,0.0223904995,22.3904995,1.0,True,5.0,5.7905267314918945
VCT_125,20.0,0.5,20.0,20.0,12.0,0.0246427696,24.6427696,1.0,True,5.0,5.7905267314918945
VCT_125,20.0,0.5,20.0,20.0,15.0,0.0271573596,27.1573596,1.0,True,5.0,5.7905267314918945
